date,downloads
2022-02-22,296
2022-02-23,19
2022-02-24,7
2022-02-25,175
2022-02-26,218
2022-02-27,63
2022-02-28,51
2022-03-01,41
2022-03-02,1096
2022-03-03,170
2022-03-04,123
2022-03-05,90
2022-03-06,81
2022-03-07,17
2022-03-08,72
2022-03-09,43
2022-03-10,70
2022-03-11,25
2022-03-12,18
2022-03-13,11
2022-03-14,60
2022-03-15,13
2022-03-16,9
2022-03-17,30
2022-03-18,18
2022-03-19,14
2022-03-20,40
2022-03-21,29
2022-03-22,42
2022-03-23,29
2022-03-24,45
2022-03-25,9
2022-03-26,28
2022-03-27,9
2022-03-28,18
2022-03-29,54
2022-03-30,11
2022-03-31,21
2022-04-01,46
2022-04-02,4
2022-04-03,12
2022-04-04,11
2022-04-05,21
2022-04-06,10
2022-04-07,37
2022-04-08,46
2022-04-10,11
2022-04-11,10
2022-04-12,23
2022-04-13,32
2022-04-14,34
2022-04-15,28
2022-04-16,24
2022-04-17,9
2022-04-19,10
2022-04-20,27
2022-04-21,9
2022-04-23,27
2022-04-24,9
2022-04-25,11
2022-04-26,19
2022-04-27,12
2022-04-28,9
2022-04-29,10
2022-05-02,1
2022-05-04,10
2022-05-05,18
2022-05-06,24
2022-05-07,13
2022-05-08,11
2022-05-09,10
2022-05-10,831
2022-05-11,65
2022-05-12,21
2022-05-13,16
2022-05-14,10
2022-05-15,3
2022-05-16,20
2022-05-17,428
2022-05-18,107
2022-05-19,86
2022-05-20,128
2022-05-21,57
2022-05-22,60
2022-05-23,37
2022-05-24,28
2022-05-25,216
2022-05-26,75
2022-05-27,38
2022-05-28,245
2022-05-29,74
2022-05-30,53
2022-05-31,63
2022-06-01,93
2022-06-02,19
2022-06-03,125
2022-06-04,135
2022-06-05,101
2022-06-06,94
2022-06-07,22
2022-06-08,153
2022-06-09,251
2022-06-10,205
2022-06-11,91
2022-06-12,20
2022-06-13,38
2022-06-14,94
2022-06-15,81
2022-06-16,61
2022-06-17,45
2022-06-18,43
2022-06-19,43
2022-06-20,9
2022-06-21,73
2022-06-22,20
2022-06-23,77
2022-06-24,161
2022-06-25,146
2022-06-26,47
2022-06-27,295
2022-06-28,108
2022-06-29,208
2022-06-30,204
2022-07-01,273
2022-07-02,45
2022-07-03,137
2022-07-04,45
2022-07-05,69
2022-07-06,40
2022-07-07,78
2022-07-08,267
2022-07-09,107
2022-07-10,122
2022-07-11,28
2022-07-12,34
2022-07-13,17
2022-07-14,19
2022-07-15,7
2022-07-16,9
2022-07-17,45
2022-07-18,58
2022-07-19,43
2022-07-20,44
2022-07-21,77
2022-07-22,67
2022-07-23,88
2022-07-24,2
2022-07-25,106
2022-07-26,72
2022-07-27,38
2022-07-28,21
2022-07-29,129
2022-07-30,39
2022-07-31,59
2022-08-01,38
2022-08-02,18
2022-08-03,22
2022-08-04,70
2022-08-05,267
2022-08-06,344
2022-08-07,226
2022-08-08,217
2022-08-09,240
2022-08-10,142
2022-08-11,109
2022-08-12,254
2022-08-13,132
2022-08-14,41
2022-08-15,150
2022-08-16,232
2022-08-17,34
2022-08-18,158
2022-08-19,114
2022-08-20,148
2022-08-21,198
2022-08-22,88
2022-08-23,166
2022-08-24,229
2022-08-25,130
2022-08-26,327
2022-08-27,62
2022-08-28,79
2022-08-29,31
2022-08-30,82
2022-08-31,130
2022-09-01,177
2022-09-02,161
2022-09-03,246
2022-09-04,53
2022-09-05,113
2022-09-06,83
2022-09-07,117
2022-09-08,143
2022-09-09,256
2022-09-10,69
2022-09-11,80
2022-09-12,112
2022-09-13,27
2022-09-14,185
2022-09-15,183
2022-09-16,111
2022-09-17,117
2022-09-18,55
2022-09-19,166
2022-09-20,41
2022-09-21,40
2022-09-22,151
2022-09-23,101
2022-09-24,11
2022-09-25,13
2022-09-26,157
2022-09-27,131
2022-09-28,79
2022-09-29,24
2022-09-30,115
2022-10-01,123
2022-10-02,10
2022-10-03,102
2022-10-04,189
2022-10-05,93
2022-10-06,36
2022-10-07,152
2022-10-08,30
2022-10-09,48
2022-10-10,53
2022-10-11,19
2022-10-12,111
2022-10-13,164
2022-10-14,84
2022-10-15,103
2022-10-16,76
2022-10-17,53
2022-10-18,124
2022-10-19,133
2022-10-20,57
2022-10-21,73
2022-10-22,159
2022-10-23,15
2022-10-24,13
2022-10-25,86
2022-10-26,136
2022-10-27,75
2022-10-28,15
2022-10-29,130
2022-10-30,138
2022-10-31,12
2022-11-01,31
2022-11-02,52
2022-11-03,25
2022-11-04,82
2022-11-05,75
2022-11-06,172
2022-11-07,72
2022-11-08,34
2022-11-09,15
2022-11-10,231
2022-11-11,208
2022-11-12,106
2022-11-13,99
2022-11-14,42
2022-11-15,95
2022-11-16,34
2022-11-17,119
2022-11-18,71
2022-11-19,114
2022-11-20,37
2022-11-21,148
2022-11-22,10
2022-11-23,26
2022-11-24,215
2022-11-25,144
2022-11-26,63
2022-11-27,137
2022-11-28,21
2022-11-29,165
2022-11-30,38
2022-12-01,70
2022-12-02,133
2022-12-03,73
2022-12-04,7
2022-12-05,14
2022-12-06,33
2022-12-07,126
2022-12-08,134
2022-12-09,70
2022-12-10,129
2022-12-11,88
2022-12-12,37
2022-12-13,31
2022-12-14,16
2022-12-15,22
2022-12-16,13
2022-12-17,22
2022-12-18,10
2022-12-19,26
2022-12-20,76
2022-12-21,101
2022-12-22,46
2022-12-23,25
2022-12-24,11
2022-12-25,66
2022-12-26,96
2022-12-27,131
2022-12-28,52
2022-12-29,23
2022-12-30,106
2022-12-31,117
2023-01-01,118
2023-01-02,103
2023-01-03,111
2023-01-04,123
2023-01-05,99
2023-01-06,70
2023-01-07,212
2023-01-08,295
2023-01-09,101
2023-01-10,53
2023-01-11,69
2023-01-12,131
2023-01-13,68
2023-01-14,76
2023-01-15,23
2023-01-16,38
2023-01-17,28
2023-01-18,10
2023-01-19,47
2023-01-20,108
2023-01-21,11
2023-01-22,92
2023-01-23,8
2023-01-24,43
2023-01-25,147
2023-01-26,18
2023-01-27,13
2023-01-28,30
2023-01-29,58
2023-01-30,9
2023-01-31,76
2023-02-01,24
2023-02-02,84
2023-02-03,14
2023-02-04,76
2023-02-05,29
2023-02-06,15
2023-02-07,28
2023-02-08,79
2023-02-09,10
2023-02-10,74
2023-02-11,80
2023-02-12,168
2023-02-13,220
2023-02-14,10
2023-02-15,190
2023-02-16,161
2023-02-17,206
2023-02-18,17
2023-02-19,80
2023-02-20,11
2023-02-21,57
2023-02-22,218
2023-02-23,40
2023-02-24,279
2023-02-25,70
2023-02-26,32
2023-02-27,167
2023-02-28,42
2023-03-01,194
2023-03-02,99
2023-03-03,37
2023-03-04,169
2023-03-05,67
2023-03-06,12
2023-03-07,96
2023-03-08,75
2023-03-09,19
2023-03-10,117
2023-03-11,254
2023-03-12,68
2023-03-13,78
2023-03-14,84
2023-03-15,342
2023-03-16,44
2023-03-17,40
2023-03-18,94
2023-03-19,128
2023-03-20,384
2023-03-21,231
2023-03-22,22
2023-03-23,50
2023-03-24,175
2023-03-25,78
2023-03-26,232
2023-03-27,77
2023-03-28,22
2023-03-29,106
2023-03-30,157
2023-03-31,158
2023-04-01,23
2023-04-02,27
2023-04-03,16
2023-04-04,247
2023-04-05,22
2023-04-06,96
2023-04-07,174
2023-04-08,37
2023-04-09,20
2023-04-10,70
2023-04-11,135
2023-04-12,159
2023-04-13,100
2023-04-14,43
2023-04-15,24
2023-04-16,79
2023-04-17,75
2023-04-18,61
2023-04-19,93
2023-04-20,59
2023-04-21,122
2023-04-22,205
2023-04-23,117
2023-04-24,102
2023-04-25,213
2023-04-26,125
2023-04-27,61
2023-04-28,40
2023-04-29,199
2023-04-30,75
2023-05-01,36
2023-05-02,232
2023-05-03,124
2023-05-04,111
2023-05-05,42
2023-05-06,15
2023-05-07,24
2023-05-08,122
2023-05-09,25
2023-05-10,44
2023-05-11,157
2023-05-12,216
2023-05-13,92
2023-05-14,84
2023-05-15,54
2023-05-16,359
2023-05-17,164
2023-05-18,106
2023-05-19,129
2023-05-20,266
2023-05-21,52
2023-05-22,152
2023-05-23,198
2023-05-24,124
2023-05-25,31
2023-05-26,13
2023-05-27,33
2023-05-28,18
2023-05-29,27
2023-05-30,151
2023-05-31,75
2023-06-01,120
2023-06-02,79
2023-06-03,66
2023-06-04,96
2023-06-05,231
2023-06-06,82
2023-06-07,222
2023-06-08,74
2023-06-09,167
2023-06-10,365
2023-06-11,321
2023-06-12,276
2023-06-13,76
2023-06-14,111
2023-06-15,213
2023-06-16,272
2023-06-17,153
2023-06-18,103
2023-06-19,164
2023-06-20,96
2023-06-21,240
2023-06-22,189
2023-06-23,189
2023-06-24,111
2023-06-25,56
2023-06-26,184
2023-06-27,193
2023-06-28,110
2023-06-29,89
2023-06-30,118
2023-07-01,85
2023-07-02,205
2023-07-03,171
2023-07-04,195
2023-07-05,115
2023-07-06,128
2023-07-07,189
2023-07-08,114
2023-07-09,220
2023-07-10,134
2023-07-11,181
2023-07-12,252
2023-07-13,90
2023-07-14,54
2023-07-15,177
2023-07-16,277
2023-07-17,100
2023-07-18,105
2023-07-19,161
2023-07-20,131
2023-07-21,73
2023-07-22,117
2023-07-23,113
2023-07-24,110
2023-07-25,82
2023-07-26,235
2023-07-27,71
2023-07-28,117
2023-07-29,438
2023-07-30,160
2023-07-31,362
2023-08-01,201
2023-08-02,97
2023-08-03,61
2023-08-04,187
2023-08-05,165
2023-08-06,238
2023-08-07,304
2023-08-08,355
2023-08-09,394
2023-08-10,218
2023-08-11,323
2023-08-12,211
2023-08-13,176
2023-08-14,56
2023-08-15,113
2023-08-16,55
2023-08-17,33
2023-08-18,37
2023-08-19,109
2023-08-20,4
2023-08-21,72
2023-08-22,47
2023-08-23,53
2023-08-24,274
2023-08-25,108
2023-08-26,9
2023-08-27,4
2023-08-28,53
2023-08-29,29
2023-08-30,128
2023-08-31,23
2023-09-01,202
2023-09-02,77
2023-09-03,121
2023-09-04,77
2023-09-05,92
2023-09-06,172
2023-09-07,70
2023-09-08,147
2023-09-09,130
2023-09-10,239
2023-09-11,34
2023-09-12,79
2023-09-13,51
2023-09-14,74
2023-09-15,60
2023-09-16,3
2023-09-17,33
2023-09-18,80
2023-09-19,73
2023-09-20,114
2023-09-21,66
2023-09-22,59
2023-09-23,232
2023-09-24,121
2023-09-25,205
2023-09-26,56
2023-09-27,66
2023-09-28,49
2023-09-29,32
2023-09-30,17
2023-10-01,20
2023-10-02,65
2023-10-03,217
2023-10-04,39
2023-10-05,29
2023-10-06,30
2023-10-07,103
2023-10-08,179
2023-10-09,38
2023-10-10,122
2023-10-11,38
2023-10-12,39
2023-10-13,29
2023-10-14,35
2023-10-15,23
2023-10-16,60
2023-10-17,46
2023-10-18,82
2023-10-19,22
2023-10-20,125
2023-10-21,24
2023-10-22,17
2023-10-23,29
2023-10-24,117
2023-10-25,147
2023-10-26,126
2023-10-27,194
2023-10-28,115
2023-10-29,108
2023-10-30,143
2023-10-31,220
2023-11-01,41
2023-11-02,110
2023-11-03,103
2023-11-04,18
2023-11-05,24
2023-11-06,68
2023-11-07,125
2023-11-08,20
2023-11-09,20
2023-11-10,44
2023-11-11,19
2023-11-12,246
2023-11-13,161
2023-11-14,81
2023-11-15,140
2023-11-16,145
2023-11-17,63
2023-11-18,137
2023-11-19,49
2023-11-20,90
2023-11-21,180
2023-11-22,48
2023-11-23,33
2023-11-24,20
2023-11-25,29
2023-11-26,138
2023-11-27,142
2023-11-28,58
2023-11-29,206
2023-11-30,44
2023-12-01,125
2023-12-02,58
2023-12-03,18
2023-12-04,28
2023-12-05,163
2023-12-06,142
2023-12-07,59
2023-12-08,60
2023-12-09,37
2023-12-10,27
2023-12-11,33
2023-12-12,56
2023-12-13,158
2023-12-14,141
2023-12-15,37
2023-12-16,18
2023-12-17,94
2023-12-18,16
2023-12-19,24
2023-12-20,103
2023-12-21,241
2023-12-22,20
2023-12-23,98
2023-12-24,24
2023-12-25,71
2023-12-26,22
2023-12-27,63
2023-12-28,29
2023-12-29,5
2023-12-30,204
2023-12-31,15
2024-01-01,6
2024-01-02,14
2024-01-03,38
2024-01-04,97
2024-01-05,179
2024-01-06,8
2024-01-07,70
2024-01-08,32
2024-01-09,76
2024-01-10,38
2024-01-11,36
2024-01-12,81
2024-01-13,107
2024-01-14,12
2024-01-15,46
2024-01-16,21
2024-01-17,11
2024-01-18,102
2024-01-19,95
2024-01-20,26
2024-01-21,22
2024-01-22,146
2024-01-23,245
2024-01-24,29
2024-01-25,48
2024-01-26,276
2024-01-27,118
2024-01-28,43
2024-01-29,48
2024-01-30,107
2024-01-31,59
2024-02-01,272
2024-02-02,159
2024-02-03,202
2024-02-04,97
2024-02-05,26
2024-02-06,27
2024-02-07,136
2024-02-08,333
2024-02-09,31
2024-02-10,99
2024-02-11,11
2024-02-12,136
2024-02-13,15
2024-02-14,136
2024-02-15,129
2024-02-16,107
2024-02-17,15
2024-02-18,15
2024-02-19,286
2024-02-20,127
2024-02-21,80
2024-02-22,67
2024-02-23,130
2024-02-24,17
2024-02-25,17
2024-02-26,117
2024-02-27,119
2024-02-28,167
2024-02-29,101
2024-03-01,30
2024-03-02,143
2024-03-03,8
2024-03-04,21
2024-03-05,252
2024-03-06,69
2024-03-07,31
2024-03-08,15
2024-03-09,94
2024-03-10,81
2024-03-11,46
2024-03-12,136
2024-03-13,27
2024-03-14,27
2024-03-15,42
2024-03-16,27
2024-03-17,18
2024-03-18,51
2024-03-19,19
2024-03-20,137
2024-03-21,115
2024-03-22,75
2024-03-23,66
2024-03-24,113
2024-03-25,136
2024-03-26,217
2024-03-27,254
2024-03-28,326
2024-03-29,107
2024-03-30,66
2024-03-31,95
2024-04-01,120
2024-04-02,100
2024-04-03,157
2024-04-04,112
2024-04-05,233
2024-04-06,67
2024-04-07,130
2024-04-08,279
2024-04-09,122
2024-04-10,251
2024-04-11,271
2024-04-12,190
2024-04-13,45
2024-04-14,167
2024-04-15,230
2024-04-16,204
2024-04-17,350
2024-04-18,273
2024-04-19,234
2024-04-20,43
2024-04-21,154
2024-04-22,202
2024-04-23,226
2024-04-24,206
2024-04-25,134
2024-04-26,143
2024-04-27,156
2024-04-28,156
2024-04-29,179
2024-04-30,344
2024-05-01,262
2024-05-02,116
2024-05-03,221
2024-05-04,240
2024-05-05,222
2024-05-06,154
2024-05-07,199
2024-05-08,137
2024-05-09,187
2024-05-10,169
2024-05-11,142
2024-05-12,147
2024-05-13,175
2024-05-14,180
2024-05-15,419
2024-05-16,279
2024-05-17,204
2024-05-18,111
2024-05-19,167
2024-05-20,132
2024-05-21,182
2024-05-22,142
2024-05-23,122
2024-05-24,149
2024-05-25,74
2024-05-26,77
2024-05-27,151
2024-05-28,166
2024-05-29,118
2024-05-30,319
2024-05-31,134
2024-06-01,158
2024-06-02,245
2024-06-03,322
2024-06-04,247
2024-06-05,146
2024-06-06,135
2024-06-07,231
2024-06-08,235
2024-06-09,142
2024-06-10,155
2024-06-11,234
2024-06-12,231
2024-06-13,205
2024-06-14,414
2024-06-15,75
2024-06-16,92
2024-06-17,207
2024-06-18,313
2024-06-19,219
2024-06-20,246
2024-06-21,194
2024-06-22,207
2024-06-23,103
2024-06-24,269
2024-06-25,264
2024-06-26,254
2024-06-27,179
2024-06-28,138
2024-06-29,73
2024-06-30,97
2024-07-01,141
2024-07-02,397
2024-07-03,394
2024-07-04,112
2024-07-05,244
2024-07-06,166
2024-07-07,115
2024-07-08,300
2024-07-09,174
2024-07-10,319
2024-07-11,215
2024-07-12,157
2024-07-13,250
2024-07-14,114
2024-07-15,236
2024-07-16,207
2024-07-17,417
2024-07-18,320
2024-07-19,247
2024-07-20,156
2024-07-21,93
2024-07-22,347
2024-07-23,472
2024-07-24,294
2024-07-25,251
2024-07-26,140
2024-07-27,79
2024-07-28,65
2024-07-29,167
2024-07-30,291
2024-07-31,384
2024-08-01,146
2024-08-02,255
2024-08-03,58
2024-08-04,95
2024-08-05,205
2024-08-06,261
2024-08-07,210
2024-08-08,194
2024-08-09,149
2024-08-10,87
2024-08-11,142
2024-08-12,271
2024-08-13,266
2024-08-14,207
2024-08-15,141
2024-08-16,216
2024-08-17,349
2024-08-18,259
2024-08-19,240
2024-08-20,210
2024-08-21,212
2024-08-22,174
2024-08-23,196
2024-08-24,86
2024-08-25,252
2024-08-26,206
2024-08-27,204
2024-08-28,372
2024-08-29,236
2024-08-30,330
2024-08-31,88
2024-09-01,79
2024-09-02,230
2024-09-03,192
2024-09-04,434
2024-09-05,244
2024-09-06,360
2024-09-07,106
2024-09-08,177
2024-09-09,352
2024-09-10,213
2024-09-11,162
2024-09-12,267
2024-09-13,272
2024-09-14,342
2024-09-15,112
2024-09-16,472
2024-09-17,299
2024-09-18,163
2024-09-19,188
2024-09-20,199
2024-09-21,143
2024-09-22,86
2024-09-23,255
2024-09-24,253
2024-09-25,226
2024-09-26,601
2024-09-27,345
2024-09-28,192
2024-09-29,355
2024-09-30,262
2024-10-01,205
2024-10-02,314
2024-10-03,279
2024-10-04,336
2024-10-05,205
2024-10-06,394
2024-10-07,432
2024-10-08,659
2024-10-09,713
2024-10-10,459
2024-10-11,377
2024-10-12,292
2024-10-13,251
2024-10-14,243
2024-10-15,379
2024-10-16,276
2024-10-17,353
2024-10-18,435
2024-10-19,481
2024-10-20,358
2024-10-21,317
2024-10-22,329
2024-10-23,629
2024-10-24,523
2024-10-25,479
2024-10-26,221
2024-10-27,239
2024-10-28,492
2024-10-29,286
2024-10-30,240
2024-10-31,190
2024-11-01,176
2024-11-02,190
2024-11-03,239
2024-11-04,218
2024-11-05,343
2024-11-06,354
2024-11-07,259
2024-11-08,334
2024-11-09,118
2024-11-10,430
2024-11-11,318
2024-11-12,586
2024-11-13,498
2024-11-14,578
2024-11-15,428
2024-11-16,93
2024-11-17,392
2024-11-18,397
2024-11-19,487
2024-11-20,392
2024-11-21,283
2024-11-22,329
2024-11-23,294
2024-11-24,132
2024-11-25,336
2024-11-26,269
2024-11-27,325
2024-11-28,187
2024-11-29,119
2024-11-30,112
2024-12-01,226
2024-12-02,292
2024-12-03,257
2024-12-04,184
2024-12-05,331
2024-12-06,179
2024-12-07,281
2024-12-08,129
2024-12-09,500
2024-12-10,627
2024-12-11,292
2024-12-12,345
2024-12-13,401
2024-12-14,425
2024-12-15,201
2024-12-16,412
2024-12-17,306
2024-12-18,303
2024-12-19,375
2024-12-20,292
2024-12-21,104
2024-12-22,195
2024-12-23,466
2024-12-24,61
2024-12-25,58
2024-12-26,168
2024-12-27,197
2024-12-28,211
2024-12-29,122
2024-12-30,111
2024-12-31,175
2025-01-01,97
2025-01-02,117
2025-01-03,136
2025-01-04,61
2025-01-05,192
2025-01-06,268
2025-01-07,321
2025-01-08,305
2025-01-09,518
2025-01-10,351
2025-01-11,435
2025-01-12,361
2025-01-13,463
2025-01-14,354
2025-01-15,326
2025-01-16,282
2025-01-17,251
2025-01-18,94
2025-01-19,92
2025-01-20,433
2025-01-21,266
2025-01-22,190
2025-01-23,386
2025-01-24,190
2025-01-25,164
2025-01-26,122
2025-01-27,296
2025-01-28,194
2025-01-29,275
2025-01-30,149
2025-01-31,186
2025-02-01,157
2025-02-02,275
2025-02-03,384
2025-02-04,247
2025-02-05,285
2025-02-06,321
2025-02-07,500
2025-02-08,248
2025-02-09,268
2025-02-10,304
2025-02-11,409
2025-02-12,627
2025-02-13,356
2025-02-14,242
2025-02-15,235
2025-02-16,324
2025-02-17,291
2025-02-18,452
2025-02-19,292
2025-02-20,443
2025-02-21,216
2025-02-22,163
2025-02-23,166
2025-02-24,192
2025-02-25,308
2025-02-26,458
2025-02-27,263
2025-02-28,212
2025-03-01,278
2025-03-02,148
2025-03-03,352
2025-03-04,341
2025-03-05,363
2025-03-06,352
2025-03-07,503
2025-03-08,504
2025-03-09,192
2025-03-10,454
2025-03-11,321
2025-03-12,349
2025-03-13,481
2025-03-14,340
2025-03-15,126
2025-03-16,374
2025-03-17,579
2025-03-18,252
2025-03-19,231
2025-03-20,351
2025-03-21,347
2025-03-22,138
2025-03-23,398
2025-03-24,221
2025-03-25,170
2025-03-26,235
2025-03-27,323
2025-03-28,333
2025-03-29,373
2025-03-30,333
2025-03-31,391
2025-04-01,337
2025-04-02,199
2025-04-03,249
2025-04-04,411
2025-04-05,102
2025-04-06,192
2025-04-07,297
2025-04-08,440
2025-04-09,478
2025-04-10,426
2025-04-11,450
2025-04-12,176
2025-04-13,220
2025-04-14,417
2025-04-15,193
2025-04-16,347
2025-04-17,327
2025-04-18,394
2025-04-19,469
2025-04-20,222
2025-04-21,456
2025-04-22,699
2025-04-23,457
2025-04-24,260
2025-04-25,241
2025-04-26,370
2025-04-27,323
2025-04-28,591
2025-04-29,230
2025-04-30,330
2025-05-01,173
2025-05-02,156
2025-05-03,217
2025-05-04,271
2025-05-05,449
2025-05-06,431
2025-05-07,586
2025-05-08,443
2025-05-09,262
2025-05-10,133
2025-05-11,157
2025-05-12,311
2025-05-13,303
2025-05-14,498
2025-05-15,390
2025-05-16,282
2025-05-17,139
2025-05-18,148
2025-05-19,502
2025-05-20,629
2025-05-21,587
2025-05-22,704
2025-05-23,293
2025-05-24,97
2025-05-25,180
2025-05-26,328
2025-05-27,312
2025-05-28,591
2025-05-29,437
2025-05-30,458
2025-05-31,146
2025-06-01,176
2025-06-02,569
2025-06-03,649
2025-06-04,463
2025-06-05,399
2025-06-06,619
2025-06-07,177
2025-06-08,254
2025-06-09,790
2025-06-10,754
2025-06-11,1136
2025-06-12,486
2025-06-13,685
2025-06-14,202
2025-06-15,127
2025-06-16,731
2025-06-17,412
2025-06-18,561
2025-06-19,335
2025-06-20,356
2025-06-21,189
2025-06-22,380
2025-06-23,609
2025-06-24,708
2025-06-25,1165
2025-06-26,1014
2025-06-27,657
2025-06-28,327
2025-06-29,178
2025-06-30,850
2025-07-01,1093
2025-07-02,1086
2025-07-03,695
2025-07-04,796
2025-07-05,389
2025-07-06,352
2025-07-07,691
2025-07-08,1120
2025-07-09,627
2025-07-10,907
2025-07-11,890
2025-07-12,302
2025-07-13,566
2025-07-14,976
2025-07-15,1113
2025-07-16,796
2025-07-17,739
2025-07-18,633
2025-07-19,620
2025-07-20,564
2025-07-21,642
2025-07-22,827
2025-07-23,790
2025-07-24,847
2025-07-25,903
2025-07-26,455
2025-07-27,290
2025-07-28,999
2025-07-29,1088
2025-07-30,799
2025-07-31,1157
2025-08-01,865
2025-08-02,325
2025-08-03,712
2025-08-04,1545
2025-08-05,1310
2025-08-06,2736
2025-08-07,1628
2025-08-08,908
2025-08-09,462
2025-08-10,373
2025-08-11,1289
2025-08-12,2121
2025-08-13,1236
2025-08-14,1390
2025-08-15,1116
2025-08-16,543
2025-08-17,354
2025-08-18,896
2025-08-19,1076
2025-08-20,1105
2025-08-21,890
2025-08-22,796
2025-08-23,482
2025-08-24,622
2025-08-25,931
2025-08-26,1468
2025-08-27,1445
2025-08-28,1465
2025-08-29,998
2025-08-30,601
2025-08-31,408
2025-09-01,779
2025-09-02,1856
2025-09-03,1229
2025-09-04,1573
2025-09-05,1195
2025-09-06,951
2025-09-07,687
2025-09-08,1463
2025-09-09,1534
2025-09-10,2086
2025-09-11,1194
2025-09-12,1481
2025-09-13,1280
2025-09-14,1055
2025-09-15,1296
2025-09-16,2034
2025-09-17,2392
2025-09-18,1616
2025-09-19,1046
2025-09-20,1109
2025-09-21,1382
2025-09-22,2092
2025-09-23,1442
2025-09-24,1916
2025-09-25,1726
2025-09-26,1123
2025-09-27,862
2025-09-28,1119
2025-09-29,1466
2025-09-30,1828
2025-10-01,1515
2025-10-02,1368
2025-10-03,2031
2025-10-04,1147
2025-10-05,878
2025-10-06,1732
2025-10-07,1646
2025-10-08,1235
2025-10-09,1505
2025-10-10,804
2025-10-11,489
2025-10-12,411
2025-10-13,692
2025-10-14,748
2025-10-15,955
2025-10-16,1930
2025-10-17,770
2025-10-18,542
2025-10-19,500
2025-10-20,731
2025-10-21,810
2025-10-22,850
2025-10-23,838
2025-10-24,961
2025-10-25,532
2025-10-26,414
2025-10-27,1254
2025-10-28,1463
2025-10-29,1469
2025-10-30,1888
2025-10-31,937
2025-11-01,715
2025-11-02,1382
2025-11-03,2967
2025-11-04,1469
2025-11-05,1782
2025-11-06,1300
2025-11-07,1670
2025-11-08,1429
2025-11-09,2344
2025-11-10,1824
2025-11-11,1337
2025-11-12,996
2025-11-13,1230
2025-11-14,1071
2025-11-15,2975
2025-11-16,3568
2025-11-17,2195
2025-11-18,1894
2025-11-19,1812
2025-11-20,2054
2025-11-21,1853
2025-11-22,951
2025-11-23,686
2025-11-24,1078
2025-11-25,1000
2025-11-26,623
2025-11-27,432
2025-11-28,407
2025-11-29,253
2025-11-30,488
2025-12-01,734
2025-12-02,879
2025-12-03,909
2025-12-04,722
2025-12-05,866
2025-12-06,317
2025-12-07,424
2025-12-08,677
2025-12-09,982
2025-12-10,692
2025-12-11,862
2025-12-12,912
2025-12-13,477
2025-12-14,369
2025-12-15,759
2025-12-16,576
2025-12-17,1024
2025-12-18,800
2025-12-19,630
2025-12-20,735
2025-12-21,334
2025-12-22,497
2025-12-23,555
2025-12-24,425
2025-12-25,358
2025-12-26,389
2025-12-27,366
2025-12-28,1411
2025-12-29,1690
2025-12-30,2370
2025-12-31,1928
2026-01-01,2018
2026-01-02,1977
2026-01-03,1195
2026-01-04,2169
2026-01-05,2423
2026-01-06,1856
2026-01-07,1438
2026-01-08,1817
2026-01-09,1391
2026-01-10,1289
2026-01-11,1356
2026-01-12,1965
2026-01-13,1628
2026-01-14,1442
2026-01-15,1203
2026-01-16,1310
2026-01-17,1133
2026-01-18,1245
2026-01-19,549
2026-01-20,1344
2026-01-21,699
2026-01-22,2705
2026-01-23,2020
2026-01-24,2615
2026-01-25,4922
2026-01-26,4432
2026-01-27,5821
2026-01-28,5714
2026-01-29,3801
2026-01-30,2195
2026-01-31,1343
2026-02-01,1928
