date,country_code,downloads
2025-08-05,AU,2
2025-08-05,BE,2
2025-08-05,BR,1
2025-08-05,CA,1
2025-08-05,CN,11
2025-08-05,CY,1
2025-08-05,DE,6
2025-08-05,ES,2
2025-08-05,FR,2
2025-08-05,GB,7
2025-08-05,HK,10
2025-08-05,IE,60
2025-08-05,IN,7
2025-08-05,IT,2
2025-08-05,JP,6
2025-08-05,KR,4
2025-08-05,MA,2
2025-08-05,NL,10
2025-08-05,PH,1
2025-08-05,RU,6
2025-08-05,SE,4
2025-08-05,SG,14
2025-08-05,TW,4
2025-08-05,US,1145
2025-08-06,BR,1
2025-08-06,CA,1
2025-08-06,CN,28
2025-08-06,DE,6
2025-08-06,DK,2
2025-08-06,ET,2
2025-08-06,FR,2
2025-08-06,HK,7
2025-08-06,IE,17
2025-08-06,IN,3
2025-08-06,JP,8
2025-08-06,KR,4
2025-08-06,NL,20
2025-08-06,NZ,2
2025-08-06,PK,1
2025-08-06,RO,2
2025-08-06,RU,2
2025-08-06,SG,14
2025-08-06,US,2614
2025-08-07,AU,2
2025-08-07,CA,8
2025-08-07,CN,33
2025-08-07,DE,16
2025-08-07,GB,2
2025-08-07,HK,7
2025-08-07,IE,37
2025-08-07,JP,3
2025-08-07,KR,12
2025-08-07,NL,6
2025-08-07,PL,1
2025-08-07,RO,2
2025-08-07,SE,3
2025-08-07,SG,9
2025-08-07,TR,1
2025-08-07,TW,4
2025-08-07,US,1482
2025-08-08,BE,5
2025-08-08,CA,4
2025-08-08,CN,3
2025-08-08,DE,15
2025-08-08,FR,2
2025-08-08,GB,6
2025-08-08,HK,5
2025-08-08,IE,11
2025-08-08,IN,2
2025-08-08,JP,4
2025-08-08,KR,8
2025-08-08,NL,4
2025-08-08,RO,16
2025-08-08,SA,2
2025-08-08,SE,4
2025-08-08,SG,7
2025-08-08,TW,5
2025-08-08,US,805
2025-08-09,BR,1
2025-08-09,CA,2
2025-08-09,CN,5
2025-08-09,DE,101
2025-08-09,DZ,2
2025-08-09,FR,2
2025-08-09,GB,2
2025-08-09,GR,2
2025-08-09,HK,5
2025-08-09,ID,2
2025-08-09,IE,6
2025-08-09,JP,2
2025-08-09,KR,4
2025-08-09,MA,4
2025-08-09,NL,4
2025-08-09,PH,2
2025-08-09,RO,2
2025-08-09,RU,2
2025-08-09,SG,6
2025-08-09,TW,2
2025-08-09,US,304
2025-08-10,BR,4
2025-08-10,CN,2
2025-08-10,DE,4
2025-08-10,HK,1
2025-08-10,ID,2
2025-08-10,IE,15
2025-08-10,IN,4
2025-08-10,JO,1
2025-08-10,JP,2
2025-08-10,KR,2
2025-08-10,RU,2
2025-08-10,SG,2
2025-08-10,TW,6
2025-08-10,US,326
2025-08-11,BR,9
2025-08-11,CA,4
2025-08-11,CN,12
2025-08-11,CY,1
2025-08-11,DE,9
2025-08-11,FI,2
2025-08-11,FO,2
2025-08-11,FR,6
2025-08-11,GB,6
2025-08-11,HK,14
2025-08-11,IE,15
2025-08-11,IN,16
2025-08-11,IR,3
2025-08-11,IT,2
2025-08-11,KR,2
2025-08-11,MX,2
2025-08-11,NL,11
2025-08-11,NO,2
2025-08-11,PK,2
2025-08-11,SA,1
2025-08-11,SE,2
2025-08-11,SG,3
2025-08-11,TR,2
2025-08-11,TW,4
2025-08-11,US,1157
2025-08-12,AU,2
2025-08-12,CA,2
2025-08-12,CN,11
2025-08-12,CZ,3
2025-08-12,DE,14
2025-08-12,FR,6
2025-08-12,GB,5
2025-08-12,HK,2
2025-08-12,IE,2
2025-08-12,IN,6
2025-08-12,KR,14
2025-08-12,NL,15
2025-08-12,SE,2
2025-08-12,SG,18
2025-08-12,TW,2
2025-08-12,US,2017
2025-08-13,AU,4
2025-08-13,CN,11
2025-08-13,DE,3
2025-08-13,ES,7
2025-08-13,FR,4
2025-08-13,GB,9
2025-08-13,HK,3
2025-08-13,IE,1
2025-08-13,IN,4
2025-08-13,IT,2
2025-08-13,KR,17
2025-08-13,LK,2
2025-08-13,NL,12
2025-08-13,RO,6
2025-08-13,RU,5
2025-08-13,SE,6
2025-08-13,SG,12
2025-08-13,TW,101
2025-08-13,US,1027
2025-08-14,AE,2
2025-08-14,AR,2
2025-08-14,AU,3
2025-08-14,CH,8
2025-08-14,CN,4
2025-08-14,DE,11
2025-08-14,ES,6
2025-08-14,FR,1
2025-08-14,GB,1
2025-08-14,HK,1
2025-08-14,JP,2
2025-08-14,KR,2
2025-08-14,NL,4
2025-08-14,PL,1
2025-08-14,SG,20
2025-08-14,TR,1
2025-08-14,TW,10
2025-08-14,US,1309
2025-08-14,ZA,2
2025-08-15,CA,7
2025-08-15,CH,1
2025-08-15,CN,8
2025-08-15,CY,1
2025-08-15,DE,6
2025-08-15,GB,7
2025-08-15,IE,1
2025-08-15,IN,2
2025-08-15,JP,7
2025-08-15,NL,8
2025-08-15,PH,2
2025-08-15,RU,2
2025-08-15,SG,10
2025-08-15,TW,6
2025-08-15,US,1046
2025-08-15,VN,2
2025-08-16,AT,2
2025-08-16,CN,30
2025-08-16,DE,2
2025-08-16,IE,2
2025-08-16,IL,2
2025-08-16,IN,24
2025-08-16,JP,1
2025-08-16,KR,4
2025-08-16,NL,4
2025-08-16,PL,6
2025-08-16,TR,1
2025-08-16,TW,2
2025-08-16,US,463
2025-08-17,BR,7
2025-08-17,CA,2
2025-08-17,CH,2
2025-08-17,CN,8
2025-08-17,DE,2
2025-08-17,FR,4
2025-08-17,GB,6
2025-08-17,IL,5
2025-08-17,IN,1
2025-08-17,JP,10
2025-08-17,NL,2
2025-08-17,SA,1
2025-08-17,TR,2
2025-08-17,US,302
2025-08-18,AM,2
2025-08-18,BR,8
2025-08-18,CA,2
2025-08-18,CH,6
2025-08-18,CL,1
2025-08-18,CN,22
2025-08-18,DE,2
2025-08-18,DK,2
2025-08-18,EG,1
2025-08-18,ES,5
2025-08-18,ET,1
2025-08-18,GB,6
2025-08-18,IE,3
2025-08-18,IL,4
2025-08-18,IN,12
2025-08-18,JP,2
2025-08-18,KR,4
2025-08-18,NL,2
2025-08-18,PL,3
2025-08-18,PY,1
2025-08-18,SG,22
2025-08-18,TH,2
2025-08-18,TW,2
2025-08-18,US,780
2025-08-18,VN,1
2025-08-19,AR,1
2025-08-19,BR,5
2025-08-19,CH,1
2025-08-19,CN,4
2025-08-19,DE,66
2025-08-19,DK,2
2025-08-19,DZ,1
2025-08-19,ES,2
2025-08-19,FR,6
2025-08-19,GB,39
2025-08-19,IN,10
2025-08-19,IQ,3
2025-08-19,JP,1
2025-08-19,KE,1
2025-08-19,KR,6
2025-08-19,PK,10
2025-08-19,SE,2
2025-08-19,SG,10
2025-08-19,TW,2
2025-08-19,UA,2
2025-08-19,US,900
2025-08-19,VE,1
2025-08-19,ZA,1
2025-08-20,AM,2
2025-08-20,CA,1
2025-08-20,CN,39
2025-08-20,DE,19
2025-08-20,GB,9
2025-08-20,IE,1
2025-08-20,IL,2
2025-08-20,IN,8
2025-08-20,IS,2
2025-08-20,JP,2
2025-08-20,KR,5
2025-08-20,NL,8
2025-08-20,SE,7
2025-08-20,SG,7
2025-08-20,TW,2
2025-08-20,US,991
2025-08-21,CA,13
2025-08-21,CH,2
2025-08-21,CN,3
2025-08-21,DE,2
2025-08-21,DK,2
2025-08-21,IN,11
2025-08-21,JP,13
2025-08-21,KR,6
2025-08-21,NL,4
2025-08-21,PL,1
2025-08-21,SE,2
2025-08-21,SG,4
2025-08-21,TW,105
2025-08-21,US,722
2025-08-22,AM,2
2025-08-22,AU,1
2025-08-22,CA,2
2025-08-22,CN,2
2025-08-22,DE,18
2025-08-22,HK,4
2025-08-22,IE,8
2025-08-22,IN,2
2025-08-22,JP,2
2025-08-22,KR,3
2025-08-22,MK,3
2025-08-22,NL,4
2025-08-22,SE,1
2025-08-22,SG,4
2025-08-22,TW,6
2025-08-22,US,734
2025-08-23,AU,4
2025-08-23,BD,2
2025-08-23,CN,13
2025-08-23,DE,2
2025-08-23,ES,2
2025-08-23,GB,3
2025-08-23,HK,1
2025-08-23,IE,14
2025-08-23,IN,2
2025-08-23,NL,3
2025-08-23,RU,5
2025-08-23,TW,2
2025-08-23,US,429
2025-08-24,AU,4
2025-08-24,CH,1
2025-08-24,CN,6
2025-08-24,DE,2
2025-08-24,GB,10
2025-08-24,IE,22
2025-08-24,IL,1
2025-08-24,IN,2
2025-08-24,IR,1
2025-08-24,NL,101
2025-08-24,PL,2
2025-08-24,RU,5
2025-08-24,SG,6
2025-08-24,TW,8
2025-08-24,US,451
2025-08-25,BE,1
2025-08-25,CN,2
2025-08-25,DE,21
2025-08-25,DK,1
2025-08-25,FR,2
2025-08-25,GB,1
2025-08-25,HK,2
2025-08-25,HU,2
2025-08-25,IN,6
2025-08-25,JP,2
2025-08-25,KR,12
2025-08-25,NL,4
2025-08-25,SA,2
2025-08-25,SE,13
2025-08-25,SG,4
2025-08-25,TR,2
2025-08-25,TW,9
2025-08-25,US,845
2025-08-26,AT,2
2025-08-26,BE,3
2025-08-26,CN,7
2025-08-26,DE,19
2025-08-26,DK,3
2025-08-26,GB,9
2025-08-26,HK,24
2025-08-26,IE,7
2025-08-26,IN,7
2025-08-26,IR,1
2025-08-26,IT,2
2025-08-26,JP,16
2025-08-26,KR,5
2025-08-26,NL,10
2025-08-26,RU,8
2025-08-26,SE,2
2025-08-26,SG,4
2025-08-26,TR,2
2025-08-26,TW,6
2025-08-26,US,1331
2025-08-27,CH,21
2025-08-27,CN,15
2025-08-27,CZ,3
2025-08-27,DE,45
2025-08-27,HK,7
2025-08-27,IE,12
2025-08-27,IL,2
2025-08-27,IR,42
2025-08-27,JP,23
2025-08-27,KR,2
2025-08-27,NL,8
2025-08-27,SE,2
2025-08-27,TW,4
2025-08-27,US,1259
2025-08-28,AT,2
2025-08-28,AU,1
2025-08-28,BE,1
2025-08-28,BR,2
2025-08-28,CH,6
2025-08-28,CN,11
2025-08-28,DE,14
2025-08-28,DK,4
2025-08-28,GB,6
2025-08-28,IE,21
2025-08-28,IN,3
2025-08-28,JP,10
2025-08-28,KR,8
2025-08-28,NL,4
2025-08-28,RU,2
2025-08-28,SE,6
2025-08-28,SG,104
2025-08-28,SI,2
2025-08-28,TW,4
2025-08-28,US,1254
2025-08-29,AT,2
2025-08-29,AU,1
2025-08-29,BR,1
2025-08-29,BY,2
2025-08-29,CA,4
2025-08-29,CN,7
2025-08-29,DE,12
2025-08-29,GB,6
2025-08-29,IE,121
2025-08-29,IN,1
2025-08-29,KR,8
2025-08-29,ME,2
2025-08-29,NL,6
2025-08-29,PL,1
2025-08-29,SE,2
2025-08-29,SG,8
2025-08-29,TW,107
2025-08-29,US,707
2025-08-30,DE,8
2025-08-30,IE,184
2025-08-30,IN,3
2025-08-30,IT,2
2025-08-30,KR,10
2025-08-30,NL,4
2025-08-30,SG,6
2025-08-30,TR,2
2025-08-30,TW,2
2025-08-30,US,380
2025-08-31,AU,2
2025-08-31,BE,2
2025-08-31,CN,1
2025-08-31,GB,2
2025-08-31,HK,2
2025-08-31,IE,31
2025-08-31,IL,2
2025-08-31,IN,2
2025-08-31,IR,1
2025-08-31,JP,2
2025-08-31,KR,2
2025-08-31,NL,4
2025-08-31,RU,2
2025-08-31,SG,4
2025-08-31,US,349
2025-09-01,AU,4
2025-09-01,CH,2
2025-09-01,CN,9
2025-09-01,DE,11
2025-09-01,FR,7
2025-09-01,GB,2
2025-09-01,GR,2
2025-09-01,IE,77
2025-09-01,IN,5
2025-09-01,JP,2
2025-09-01,KR,8
2025-09-01,NL,6
2025-09-01,SG,2
2025-09-01,TH,6
2025-09-01,TW,2
2025-09-01,US,634
2025-09-02,AE,2
2025-09-02,CA,2
2025-09-02,CH,3
2025-09-02,CN,8
2025-09-02,DE,11
2025-09-02,ES,2
2025-09-02,GB,11
2025-09-02,HK,14
2025-09-02,IE,1
2025-09-02,IN,9
2025-09-02,JP,8
2025-09-02,KR,5
2025-09-02,KZ,2
2025-09-02,NL,4
2025-09-02,PL,2
2025-09-02,RU,6
2025-09-02,TW,2
2025-09-02,US,1764
2025-09-03,AM,4
2025-09-03,BE,2
2025-09-03,BR,2
2025-09-03,CA,3
2025-09-03,CH,5
2025-09-03,CN,8
2025-09-03,DE,35
2025-09-03,ES,2
2025-09-03,FR,4
2025-09-03,GB,4
2025-09-03,HK,6
2025-09-03,IE,10
2025-09-03,JP,3
2025-09-03,NL,7
2025-09-03,SE,1
2025-09-03,SG,5
2025-09-03,TW,4
2025-09-03,US,1122
2025-09-03,VN,2
2025-09-04,AM,2
2025-09-04,BE,2
2025-09-04,BR,3
2025-09-04,CA,2
2025-09-04,CH,4
2025-09-04,CN,7
2025-09-04,DE,37
2025-09-04,ES,1
2025-09-04,FR,3
2025-09-04,HK,7
2025-09-04,ID,2
2025-09-04,IE,1
2025-09-04,IN,5
2025-09-04,IT,1
2025-09-04,JP,14
2025-09-04,KR,52
2025-09-04,MX,1
2025-09-04,NL,10
2025-09-04,RU,2
2025-09-04,SG,9
2025-09-04,TR,1
2025-09-04,TW,6
2025-09-04,US,1400
2025-09-04,VN,1
2025-09-05,AT,4
2025-09-05,BD,1
2025-09-05,BR,3
2025-09-05,CH,10
2025-09-05,CN,7
2025-09-05,ES,3
2025-09-05,FI,2
2025-09-05,FR,115
2025-09-05,GB,5
2025-09-05,HK,6
2025-09-05,IE,35
2025-09-05,IN,8
2025-09-05,JP,4
2025-09-05,KR,5
2025-09-05,NL,14
2025-09-05,PL,2
2025-09-05,PY,1
2025-09-05,RO,2
2025-09-05,RU,2
2025-09-05,SE,2
2025-09-05,SG,6
2025-09-05,TW,4
2025-09-05,US,953
2025-09-05,VN,1
2025-09-06,AR,1
2025-09-06,BR,4
2025-09-06,CA,4
2025-09-06,CN,1
2025-09-06,CO,1
2025-09-06,DE,1
2025-09-06,FR,1
2025-09-06,HK,185
2025-09-06,IE,14
2025-09-06,IN,2
2025-09-06,PL,2
2025-09-06,SG,10
2025-09-06,US,725
2025-09-07,CN,2
2025-09-07,DE,2
2025-09-07,IE,21
2025-09-07,IN,5
2025-09-07,IR,2
2025-09-07,KR,3
2025-09-07,NL,2
2025-09-07,PL,2
2025-09-07,SE,2
2025-09-07,SG,6
2025-09-07,TW,1
2025-09-07,US,639
2025-09-08,BE,2
2025-09-08,CA,6
2025-09-08,CH,4
2025-09-08,CN,7
2025-09-08,DE,30
2025-09-08,EG,2
2025-09-08,ES,1
2025-09-08,FI,2
2025-09-08,FR,13
2025-09-08,GB,2
2025-09-08,IE,61
2025-09-08,IR,2
2025-09-08,JP,4
2025-09-08,KR,12
2025-09-08,LU,2
2025-09-08,NL,32
2025-09-08,PL,2
2025-09-08,SE,3
2025-09-08,SG,11
2025-09-08,TW,1
2025-09-08,US,1264
2025-09-09,AU,2
2025-09-09,CA,4
2025-09-09,CH,4
2025-09-09,CN,10
2025-09-09,DE,49
2025-09-09,ES,10
2025-09-09,FI,2
2025-09-09,FR,8
2025-09-09,GB,21
2025-09-09,HK,1
2025-09-09,IE,23
2025-09-09,IN,8
2025-09-09,JP,2
2025-09-09,KR,14
2025-09-09,NL,22
2025-09-09,PL,2
2025-09-09,RU,2
2025-09-09,SG,2
2025-09-09,TW,10
2025-09-09,US,1338
2025-09-10,AU,2
2025-09-10,BR,1
2025-09-10,CA,2
2025-09-10,CH,12
2025-09-10,CN,8
2025-09-10,DE,6
2025-09-10,ES,4
2025-09-10,FR,8
2025-09-10,GB,15
2025-09-10,IE,27
2025-09-10,IL,2
2025-09-10,IN,6
2025-09-10,JP,4
2025-09-10,KR,5
2025-09-10,ME,2
2025-09-10,NL,22
2025-09-10,PL,2
2025-09-10,SG,10
2025-09-10,TR,2
2025-09-10,TW,114
2025-09-10,US,1830
2025-09-10,VN,2
2025-09-11,CA,9
2025-09-11,CH,4
2025-09-11,CN,26
2025-09-11,DE,10
2025-09-11,DZ,2
2025-09-11,ES,22
2025-09-11,FR,8
2025-09-11,GB,24
2025-09-11,GR,9
2025-09-11,HK,14
2025-09-11,IE,37
2025-09-11,IN,7
2025-09-11,JP,2
2025-09-11,KR,6
2025-09-11,KZ,1
2025-09-11,MK,5
2025-09-11,NL,12
2025-09-11,PL,2
2025-09-11,RO,2
2025-09-11,RU,17
2025-09-11,SG,6
2025-09-11,TW,4
2025-09-11,US,963
2025-09-11,VN,2
2025-09-12,AU,3
2025-09-12,CA,7
2025-09-12,CN,12
2025-09-12,DE,11
2025-09-12,DK,4
2025-09-12,FI,2
2025-09-12,FR,12
2025-09-12,GB,10
2025-09-12,HK,2
2025-09-12,IE,58
2025-09-12,IL,5
2025-09-12,IN,4
2025-09-12,IT,6
2025-09-12,JP,11
2025-09-12,NL,16
2025-09-12,NO,2
2025-09-12,PT,2
2025-09-12,RU,1
2025-09-12,SE,4
2025-09-12,SG,8
2025-09-12,TH,2
2025-09-12,TW,2
2025-09-12,US,1295
2025-09-12,VN,2
2025-09-13,AE,2
2025-09-13,AU,2
2025-09-13,BD,2
2025-09-13,CA,2
2025-09-13,CH,101
2025-09-13,CN,8
2025-09-13,DE,105
2025-09-13,FR,2
2025-09-13,GB,14
2025-09-13,IE,16
2025-09-13,IN,25
2025-09-13,JP,15
2025-09-13,KR,37
2025-09-13,NL,3
2025-09-13,SG,10
2025-09-13,TR,2
2025-09-13,TW,4
2025-09-13,US,930
2025-09-14,AR,2
2025-09-14,AU,4
2025-09-14,BR,7
2025-09-14,CN,58
2025-09-14,DE,4
2025-09-14,DK,2
2025-09-14,ES,2
2025-09-14,GB,5
2025-09-14,IE,22
2025-09-14,IN,23
2025-09-14,JP,2
2025-09-14,KR,6
2025-09-14,NL,10
2025-09-14,PL,2
2025-09-14,SG,8
2025-09-14,TR,2
2025-09-14,TW,4
2025-09-14,US,892
2025-09-15,CA,3
2025-09-15,CH,6
2025-09-15,CN,11
2025-09-15,DE,21
2025-09-15,ES,6
2025-09-15,FR,3
2025-09-15,GB,11
2025-09-15,IE,17
2025-09-15,IL,2
2025-09-15,IN,7
2025-09-15,JP,2
2025-09-15,KR,4
2025-09-15,NL,6
2025-09-15,PE,2
2025-09-15,PL,2
2025-09-15,SE,2
2025-09-15,SG,14
2025-09-15,TW,4
2025-09-15,US,1173
2025-09-16,CA,4
2025-09-16,CN,13
2025-09-16,DE,1
2025-09-16,ES,8
2025-09-16,FI,2
2025-09-16,FR,3
2025-09-16,GB,6
2025-09-16,HK,2
2025-09-16,ID,2
2025-09-16,IE,84
2025-09-16,IN,16
2025-09-16,JP,4
2025-09-16,KR,10
2025-09-16,NL,6
2025-09-16,PL,2
2025-09-16,RU,1
2025-09-16,SE,2
2025-09-16,SG,4
2025-09-16,TW,6
2025-09-16,UA,6
2025-09-16,US,1852
2025-09-17,AU,3
2025-09-17,AZ,1
2025-09-17,CA,2
2025-09-17,CH,2
2025-09-17,CN,20
2025-09-17,DE,5
2025-09-17,ES,4
2025-09-17,FR,4
2025-09-17,GB,5
2025-09-17,HK,6
2025-09-17,IE,52
2025-09-17,IN,6
2025-09-17,JP,9
2025-09-17,KR,9
2025-09-17,PL,6
2025-09-17,RO,2
2025-09-17,SE,2
2025-09-17,SG,12
2025-09-17,TW,4
2025-09-17,US,2235
2025-09-17,VN,3
2025-09-18,AR,1
2025-09-18,AU,2
2025-09-18,BR,2
2025-09-18,CA,4
2025-09-18,CN,12
2025-09-18,DE,10
2025-09-18,DK,4
2025-09-18,EG,1
2025-09-18,ES,4
2025-09-18,FI,2
2025-09-18,FR,2
2025-09-18,GB,4
2025-09-18,HK,2
2025-09-18,IE,49
2025-09-18,IN,6
2025-09-18,IR,2
2025-09-18,JP,13
2025-09-18,KR,9
2025-09-18,MO,2
2025-09-18,NL,8
2025-09-18,PK,2
2025-09-18,PL,2
2025-09-18,SG,6
2025-09-18,TW,2
2025-09-18,US,1465
2025-09-19,AR,1
2025-09-19,AU,2
2025-09-19,BR,1
2025-09-19,CA,1
2025-09-19,CH,2
2025-09-19,CN,10
2025-09-19,DE,2
2025-09-19,DK,2
2025-09-19,FI,6
2025-09-19,FR,3
2025-09-19,GB,4
2025-09-19,IE,4
2025-09-19,IL,8
2025-09-19,IN,10
2025-09-19,JP,4
2025-09-19,KR,5
2025-09-19,MA,1
2025-09-19,NL,10
2025-09-19,RU,2
2025-09-19,SG,20
2025-09-19,TH,1
2025-09-19,US,945
2025-09-19,VN,2
2025-09-20,AR,1
2025-09-20,AU,2
2025-09-20,BD,1
2025-09-20,BR,4
2025-09-20,CN,2
2025-09-20,HK,6
2025-09-20,IE,11
2025-09-20,IN,10
2025-09-20,JP,3
2025-09-20,MA,1
2025-09-20,NL,10
2025-09-20,PL,2
2025-09-20,RU,1
2025-09-20,TW,2
2025-09-20,UA,2
2025-09-20,US,1051
2025-09-21,AL,1
2025-09-21,AU,32
2025-09-21,BR,7
2025-09-21,CA,2
2025-09-21,CH,1
2025-09-21,CN,2
2025-09-21,DE,3
2025-09-21,FI,2
2025-09-21,GB,1
2025-09-21,IE,8
2025-09-21,IL,2
2025-09-21,IN,7
2025-09-21,IQ,1
2025-09-21,JM,1
2025-09-21,JP,1
2025-09-21,MD,1
2025-09-21,MX,1
2025-09-21,NL,10
2025-09-21,PK,1
2025-09-21,PT,1
2025-09-21,SG,2
2025-09-21,TW,4
2025-09-21,US,1288
2025-09-21,VN,3
2025-09-22,AR,2
2025-09-22,BR,9
2025-09-22,CA,4
2025-09-22,CH,1
2025-09-22,CI,1
2025-09-22,CL,14
2025-09-22,CN,13
2025-09-22,DE,4
2025-09-22,DK,12
2025-09-22,ES,7
2025-09-22,FI,1
2025-09-22,FR,1
2025-09-22,GB,13
2025-09-22,HK,5
2025-09-22,IE,29
2025-09-22,IN,6
2025-09-22,IQ,1
2025-09-22,IT,1
2025-09-22,JO,2
2025-09-22,JP,23
2025-09-22,KE,1
2025-09-22,KR,8
2025-09-22,LB,3
2025-09-22,MA,1
2025-09-22,NL,16
2025-09-22,PY,1
2025-09-22,SE,4
2025-09-22,SG,26
2025-09-22,SN,1
2025-09-22,TW,14
2025-09-22,US,1862
2025-09-22,UY,1
2025-09-22,UZ,1
2025-09-22,VN,4
2025-09-23,AR,1
2025-09-23,AU,3
2025-09-23,BE,2
2025-09-23,BR,5
2025-09-23,CA,1
2025-09-23,CN,6
2025-09-23,DE,5
2025-09-23,ES,9
2025-09-23,GB,2
2025-09-23,IE,25
2025-09-23,IN,8
2025-09-23,JP,3
2025-09-23,KR,4
2025-09-23,MX,1
2025-09-23,NL,21
2025-09-23,SN,1
2025-09-23,TR,1
2025-09-23,TW,4
2025-09-23,US,1337
2025-09-23,VN,3
2025-09-24,BE,2
2025-09-24,CA,4
2025-09-24,CH,2
2025-09-24,CN,2
2025-09-24,DE,20
2025-09-24,DK,2
2025-09-24,ES,2
2025-09-24,FR,2
2025-09-24,IE,23
2025-09-24,IN,4
2025-09-24,JP,2
2025-09-24,KR,8
2025-09-24,MA,1
2025-09-24,MX,1
2025-09-24,NL,8
2025-09-24,NO,2
2025-09-24,US,1831
2025-09-25,BR,2
2025-09-25,CN,12
2025-09-25,DE,10
2025-09-25,ES,8
2025-09-25,FR,4
2025-09-25,GB,4
2025-09-25,HK,4
2025-09-25,IE,9
2025-09-25,IL,2
2025-09-25,IN,13
2025-09-25,JP,3
2025-09-25,KR,8
2025-09-25,MX,2
2025-09-25,NL,11
2025-09-25,PR,1
2025-09-25,RU,3
2025-09-25,SE,2
2025-09-25,SG,10
2025-09-25,TW,1
2025-09-25,US,1617
2025-09-26,AU,2
2025-09-26,CA,2
2025-09-26,CN,6
2025-09-26,DE,2
2025-09-26,FI,2
2025-09-26,FR,4
2025-09-26,GB,2
2025-09-26,GR,2
2025-09-26,HK,2
2025-09-26,IE,11
2025-09-26,IN,14
2025-09-26,JP,1
2025-09-26,NL,2
2025-09-26,PK,2
2025-09-26,PL,2
2025-09-26,SG,3
2025-09-26,SI,4
2025-09-26,TW,4
2025-09-26,US,1056
2025-09-27,CN,6
2025-09-27,DE,10
2025-09-27,ES,1
2025-09-27,HK,3
2025-09-27,IE,12
2025-09-27,IN,5
2025-09-27,JP,2
2025-09-27,NL,6
2025-09-27,PT,2
2025-09-27,SG,2
2025-09-27,SK,1
2025-09-27,TW,2
2025-09-27,US,810
2025-09-28,AU,4
2025-09-28,CN,8
2025-09-28,DE,7
2025-09-28,DK,2
2025-09-28,FR,6
2025-09-28,GB,6
2025-09-28,HK,12
2025-09-28,IE,21
2025-09-28,IL,1
2025-09-28,IN,8
2025-09-28,NL,4
2025-09-28,SE,2
2025-09-28,SG,8
2025-09-28,TW,6
2025-09-28,US,1024
2025-09-29,BR,2
2025-09-29,CL,2
2025-09-29,CN,12
2025-09-29,DE,17
2025-09-29,DK,1
2025-09-29,ES,2
2025-09-29,FR,2
2025-09-29,HK,14
2025-09-29,IE,29
2025-09-29,IL,4
2025-09-29,IN,7
2025-09-29,JP,10
2025-09-29,KR,3
2025-09-29,NL,4
2025-09-29,PL,4
2025-09-29,RU,7
2025-09-29,SG,4
2025-09-29,TR,2
2025-09-29,TW,4
2025-09-29,US,1335
2025-09-29,VN,1
2025-09-30,AR,4
2025-09-30,BR,2
2025-09-30,CA,1
2025-09-30,CH,2
2025-09-30,CN,17
2025-09-30,DE,10
2025-09-30,EG,3
2025-09-30,ES,5
2025-09-30,GB,8
2025-09-30,IE,12
2025-09-30,IN,26
2025-09-30,JP,12
2025-09-30,NL,14
2025-09-30,SG,6
2025-09-30,TW,4
2025-09-30,US,1702
2025-10-01,CN,53
2025-10-01,DE,10
2025-10-01,GB,6
2025-10-01,ID,2
2025-10-01,IE,17
2025-10-01,IL,2
2025-10-01,IN,5
2025-10-01,IR,101
2025-10-01,JP,6
2025-10-01,KR,15
2025-10-01,NL,4
2025-10-01,PL,2
2025-10-01,PT,4
2025-10-01,RU,6
2025-10-01,SG,1
2025-10-01,TR,1
2025-10-01,TW,4
2025-10-01,US,1276
2025-10-02,BE,2
2025-10-02,BR,2
2025-10-02,CA,6
2025-10-02,CH,1
2025-10-02,DE,12
2025-10-02,DK,2
2025-10-02,EG,2
2025-10-02,GB,2
2025-10-02,HK,8
2025-10-02,IE,57
2025-10-02,JP,12
2025-10-02,KR,107
2025-10-02,MK,2
2025-10-02,NL,2
2025-10-02,SG,6
2025-10-02,TW,1
2025-10-02,US,1144
2025-10-03,BE,2
2025-10-03,CH,2
2025-10-03,CN,2
2025-10-03,DE,5
2025-10-03,FR,2
2025-10-03,GB,4
2025-10-03,IE,48
2025-10-03,IN,1
2025-10-03,JP,4
2025-10-03,KR,2
2025-10-03,NL,1
2025-10-03,PL,2
2025-10-03,SG,8
2025-10-03,US,1948
2025-10-04,AM,2
2025-10-04,AT,2
2025-10-04,CA,2
2025-10-04,CH,2
2025-10-04,CN,3
2025-10-04,IE,25
2025-10-04,IN,2
2025-10-04,KR,3
2025-10-04,MK,2
2025-10-04,NL,4
2025-10-04,SG,8
2025-10-04,TR,2
2025-10-04,TW,2
2025-10-04,US,1088
2025-10-05,AR,4
2025-10-05,CA,4
2025-10-05,CH,1
2025-10-05,CN,2
2025-10-05,DE,12
2025-10-05,EG,2
2025-10-05,FR,1
2025-10-05,IE,19
2025-10-05,IL,5
2025-10-05,IN,4
2025-10-05,IT,2
2025-10-05,KR,5
2025-10-05,MK,1
2025-10-05,NL,2
2025-10-05,PL,1
2025-10-05,SG,2
2025-10-05,UA,2
2025-10-05,US,809
2025-10-06,AR,2
2025-10-06,BE,4
2025-10-06,CN,1
2025-10-06,DE,31
2025-10-06,GB,4
2025-10-06,IE,16
2025-10-06,IL,6
2025-10-06,IN,2
2025-10-06,JP,5
2025-10-06,KR,4
2025-10-06,MK,2
2025-10-06,MX,2
2025-10-06,NL,18
2025-10-06,PK,1
2025-10-06,SE,14
2025-10-06,SG,4
2025-10-06,TR,6
2025-10-06,TW,6
2025-10-06,US,1604
2025-10-07,AR,5
2025-10-07,CA,10
2025-10-07,CH,1
2025-10-07,DE,82
2025-10-07,ES,1
2025-10-07,FR,2
2025-10-07,GB,11
2025-10-07,IE,91
2025-10-07,IL,2
2025-10-07,IN,7
2025-10-07,JP,12
2025-10-07,KR,2
2025-10-07,MA,2
2025-10-07,NL,6
2025-10-07,RU,5
2025-10-07,SE,5
2025-10-07,TW,2
2025-10-07,US,1398
2025-10-07,VN,2
2025-10-08,AR,4
2025-10-08,CN,7
2025-10-08,DE,51
2025-10-08,GB,4
2025-10-08,IE,34
2025-10-08,IN,3
2025-10-08,IR,4
2025-10-08,IT,2
2025-10-08,JP,9
2025-10-08,KR,6
2025-10-08,NL,4
2025-10-08,PL,1
2025-10-08,RU,9
2025-10-08,SG,4
2025-10-08,TR,3
2025-10-08,TW,1
2025-10-08,US,1089
2025-10-09,AT,2
2025-10-09,AU,4
2025-10-09,CA,2
2025-10-09,CN,10
2025-10-09,DE,46
2025-10-09,GB,7
2025-10-09,HK,4
2025-10-09,IE,18
2025-10-09,IL,2
2025-10-09,IN,17
2025-10-09,JP,8
2025-10-09,KR,3
2025-10-09,NL,8
2025-10-09,PR,4
2025-10-09,RU,5
2025-10-09,SG,2
2025-10-09,TW,8
2025-10-09,US,1355
2025-10-10,BD,1
2025-10-10,CA,4
2025-10-10,CH,1
2025-10-10,CN,109
2025-10-10,DE,10
2025-10-10,ES,4
2025-10-10,FI,2
2025-10-10,GB,2
2025-10-10,GR,4
2025-10-10,HK,4
2025-10-10,ID,2
2025-10-10,IE,16
2025-10-10,IL,6
2025-10-10,IN,6
2025-10-10,IT,1
2025-10-10,JP,16
2025-10-10,KR,4
2025-10-10,MO,5
2025-10-10,NL,5
2025-10-10,PL,3
2025-10-10,PR,2
2025-10-10,RU,2
2025-10-10,US,595
2025-10-11,CN,11
2025-10-11,DE,6
2025-10-11,DK,1
2025-10-11,ES,3
2025-10-11,FR,1
2025-10-11,GB,20
2025-10-11,GR,2
2025-10-11,HK,3
2025-10-11,IE,27
2025-10-11,IN,7
2025-10-11,JO,2
2025-10-11,JP,4
2025-10-11,KR,1
2025-10-11,MK,6
2025-10-11,MX,2
2025-10-11,NL,2
2025-10-11,RU,8
2025-10-11,SG,4
2025-10-11,TR,2
2025-10-11,TW,2
2025-10-11,US,375
2025-10-12,BR,2
2025-10-12,CL,2
2025-10-12,CN,4
2025-10-12,DE,8
2025-10-12,ES,6
2025-10-12,IE,15
2025-10-12,IN,3
2025-10-12,NL,4
2025-10-12,RU,4
2025-10-12,SG,16
2025-10-12,TW,2
2025-10-12,US,344
2025-10-12,VN,1
2025-10-13,AE,2
2025-10-13,CN,9
2025-10-13,DE,16
2025-10-13,ES,7
2025-10-13,GB,2
2025-10-13,HK,5
2025-10-13,IE,24
2025-10-13,IN,2
2025-10-13,JP,4
2025-10-13,KR,1
2025-10-13,ME,3
2025-10-13,NL,10
2025-10-13,RU,5
2025-10-13,SE,4
2025-10-13,SG,4
2025-10-13,TW,6
2025-10-13,US,585
2025-10-13,VN,3
2025-10-14,BE,4
2025-10-14,BR,2
2025-10-14,CA,3
2025-10-14,CN,16
2025-10-14,DE,6
2025-10-14,HK,3
2025-10-14,HU,2
2025-10-14,IE,9
2025-10-14,IN,26
2025-10-14,JP,3
2025-10-14,KR,10
2025-10-14,MK,1
2025-10-14,MX,2
2025-10-14,MY,2
2025-10-14,NL,10
2025-10-14,PT,1
2025-10-14,RO,9
2025-10-14,SG,12
2025-10-14,TW,4
2025-10-14,US,623
2025-10-15,AT,2
2025-10-15,BE,2
2025-10-15,CH,2
2025-10-15,CN,56
2025-10-15,DE,2
2025-10-15,ES,17
2025-10-15,FR,2
2025-10-15,GB,2
2025-10-15,GR,2
2025-10-15,IE,21
2025-10-15,IN,45
2025-10-15,IT,6
2025-10-15,JP,2
2025-10-15,KR,10
2025-10-15,MX,8
2025-10-15,NL,11
2025-10-15,PL,1
2025-10-15,SA,2
2025-10-15,SE,6
2025-10-15,SG,4
2025-10-15,TN,2
2025-10-15,TW,4
2025-10-15,US,746
2025-10-16,AU,2
2025-10-16,BR,2
2025-10-16,CL,2
2025-10-16,CN,2
2025-10-16,DE,3
2025-10-16,ES,3
2025-10-16,FR,8
2025-10-16,GB,11
2025-10-16,HK,2
2025-10-16,IE,32
2025-10-16,IL,2
2025-10-16,IN,12
2025-10-16,JP,2
2025-10-16,KR,4
2025-10-16,NL,2
2025-10-16,PK,4
2025-10-16,SE,4
2025-10-16,SG,3
2025-10-16,TW,4
2025-10-16,US,1826
2025-10-17,AU,1
2025-10-17,BE,2
2025-10-17,CN,15
2025-10-17,DE,20
2025-10-17,DK,5
2025-10-17,FR,2
2025-10-17,GB,15
2025-10-17,HK,2
2025-10-17,IE,24
2025-10-17,IN,11
2025-10-17,JP,12
2025-10-17,KR,4
2025-10-17,NL,4
2025-10-17,NZ,1
2025-10-17,SE,10
2025-10-17,SG,4
2025-10-17,TR,2
2025-10-17,TW,4
2025-10-17,US,632
2025-10-18,AT,2
2025-10-18,AU,1
2025-10-18,BR,1
2025-10-18,CN,2
2025-10-18,DE,32
2025-10-18,GB,8
2025-10-18,HK,5
2025-10-18,IE,14
2025-10-18,MK,2
2025-10-18,MO,2
2025-10-18,NL,8
2025-10-18,NZ,4
2025-10-18,PK,2
2025-10-18,RU,2
2025-10-18,TW,1
2025-10-18,US,456
2025-10-19,BR,4
2025-10-19,CH,2
2025-10-19,CN,4
2025-10-19,DE,18
2025-10-19,DK,3
2025-10-19,FR,4
2025-10-19,GB,2
2025-10-19,HK,1
2025-10-19,IE,21
2025-10-19,IN,4
2025-10-19,JP,3
2025-10-19,NL,4
2025-10-19,PL,2
2025-10-19,PT,25
2025-10-19,RU,1
2025-10-19,SE,2
2025-10-19,SG,12
2025-10-19,TN,3
2025-10-19,US,385
2025-10-20,AT,2
2025-10-20,AU,1
2025-10-20,BR,1
2025-10-20,CA,2
2025-10-20,CN,16
2025-10-20,DE,27
2025-10-20,ES,12
2025-10-20,FR,4
2025-10-20,GB,1
2025-10-20,HK,5
2025-10-20,IE,2
2025-10-20,IL,2
2025-10-20,JP,2
2025-10-20,KR,6
2025-10-20,NL,2
2025-10-20,PT,4
2025-10-20,SE,14
2025-10-20,SG,7
2025-10-20,TR,2
2025-10-20,TW,9
2025-10-20,US,609
2025-10-20,VN,1
2025-10-21,BE,2
2025-10-21,BR,3
2025-10-21,BY,2
2025-10-21,CA,2
2025-10-21,CN,11
2025-10-21,DE,17
2025-10-21,DK,1
2025-10-21,FI,4
2025-10-21,FR,10
2025-10-21,GB,23
2025-10-21,HK,5
2025-10-21,IE,17
2025-10-21,IL,6
2025-10-21,IN,2
2025-10-21,JP,10
2025-10-21,KR,7
2025-10-21,MK,2
2025-10-21,NL,6
2025-10-21,SE,10
2025-10-21,SG,20
2025-10-21,TN,2
2025-10-21,TW,2
2025-10-21,US,646
2025-10-22,AU,6
2025-10-22,CA,6
2025-10-22,CH,2
2025-10-22,CL,5
2025-10-22,CN,1
2025-10-22,DE,22
2025-10-22,ES,8
2025-10-22,FR,2
2025-10-22,GB,2
2025-10-22,HK,1
2025-10-22,ID,2
2025-10-22,IE,49
2025-10-22,IN,8
2025-10-22,JP,17
2025-10-22,KR,4
2025-10-22,LU,2
2025-10-22,NL,12
2025-10-22,SG,19
2025-10-22,TR,2
2025-10-22,TW,12
2025-10-22,US,666
2025-10-22,VN,2
2025-10-23,AE,2
2025-10-23,BE,1
2025-10-23,CA,2
2025-10-23,CH,1
2025-10-23,CL,6
2025-10-23,CN,10
2025-10-23,DE,8
2025-10-23,ES,2
2025-10-23,GB,1
2025-10-23,IE,9
2025-10-23,IN,1
2025-10-23,IT,1
2025-10-23,JP,11
2025-10-23,KR,4
2025-10-23,MK,1
2025-10-23,NL,6
2025-10-23,PL,2
2025-10-23,RO,1
2025-10-23,RU,6
2025-10-23,SE,5
2025-10-23,SG,10
2025-10-23,TW,6
2025-10-23,US,742
2025-10-24,CH,1
2025-10-24,CN,40
2025-10-24,DE,32
2025-10-24,FR,2
2025-10-24,GB,4
2025-10-24,HK,2
2025-10-24,IE,182
2025-10-24,JP,14
2025-10-24,KR,2
2025-10-24,NL,2
2025-10-24,SA,3
2025-10-24,SE,10
2025-10-24,SG,4
2025-10-24,TN,4
2025-10-24,TW,6
2025-10-24,US,653
2025-10-25,CA,4
2025-10-25,CH,1
2025-10-25,CN,19
2025-10-25,DE,2
2025-10-25,GB,3
2025-10-25,HK,2
2025-10-25,IE,5
2025-10-25,IN,14
2025-10-25,JP,4
2025-10-25,MK,1
2025-10-25,NL,2
2025-10-25,SE,8
2025-10-25,TW,2
2025-10-25,US,465
2025-10-26,CN,11
2025-10-26,DE,2
2025-10-26,EG,1
2025-10-26,FR,1
2025-10-26,HK,10
2025-10-26,HR,1
2025-10-26,IE,2
2025-10-26,IL,4
2025-10-26,IN,4
2025-10-26,JP,6
2025-10-26,NL,4
2025-10-26,RU,2
2025-10-26,SE,6
2025-10-26,SG,6
2025-10-26,US,353
2025-10-26,VN,1
2025-10-27,AE,2
2025-10-27,CA,5
2025-10-27,CH,4
2025-10-27,CL,3
2025-10-27,CN,12
2025-10-27,DE,4
2025-10-27,ES,8
2025-10-27,FI,10
2025-10-27,FR,3
2025-10-27,GB,7
2025-10-27,HK,4
2025-10-27,IE,9
2025-10-27,IN,8
2025-10-27,IT,2
2025-10-27,JP,11
2025-10-27,KR,12
2025-10-27,NL,6
2025-10-27,SE,103
2025-10-27,SG,4
2025-10-27,TW,7
2025-10-27,US,1030
2025-10-28,BE,2
2025-10-28,CA,10
2025-10-28,CH,1
2025-10-28,CN,5
2025-10-28,DE,5
2025-10-28,ES,2
2025-10-28,FR,5
2025-10-28,GB,5
2025-10-28,HK,3
2025-10-28,IE,4
2025-10-28,IN,14
2025-10-28,IR,2
2025-10-28,JP,7
2025-10-28,KR,2
2025-10-28,MO,5
2025-10-28,NL,10
2025-10-28,SE,14
2025-10-28,SG,2
2025-10-28,TR,2
2025-10-28,TW,2
2025-10-28,US,1361
2025-10-29,CA,4
2025-10-29,CN,7
2025-10-29,DE,9
2025-10-29,DK,1
2025-10-29,ES,14
2025-10-29,FI,4
2025-10-29,FR,1
2025-10-29,GB,2
2025-10-29,GR,4
2025-10-29,HU,2
2025-10-29,IE,6
2025-10-29,IN,10
2025-10-29,JP,8
2025-10-29,KR,2
2025-10-29,LK,2
2025-10-29,MX,1
2025-10-29,NL,10
2025-10-29,PL,2
2025-10-29,SA,2
2025-10-29,SE,13
2025-10-29,SG,21
2025-10-29,US,1344
2025-10-30,AE,2
2025-10-30,AU,4
2025-10-30,CA,12
2025-10-30,CN,16
2025-10-30,CZ,2
2025-10-30,DE,5
2025-10-30,ES,1
2025-10-30,FI,2
2025-10-30,FR,3
2025-10-30,GB,12
2025-10-30,HK,2
2025-10-30,IE,5
2025-10-30,IN,6
2025-10-30,JP,33
2025-10-30,KR,11
2025-10-30,NL,9
2025-10-30,PL,2
2025-10-30,RU,2
2025-10-30,SE,12
2025-10-30,SG,14
2025-10-30,TW,5
2025-10-30,US,1726
2025-10-30,VN,2
2025-10-31,AT,2
2025-10-31,CA,16
2025-10-31,CH,2
2025-10-31,CN,8
2025-10-31,FR,3
2025-10-31,GB,2
2025-10-31,HK,2
2025-10-31,IE,1
2025-10-31,IN,6
2025-10-31,JP,18
2025-10-31,KR,2
2025-10-31,NL,8
2025-10-31,PL,4
2025-10-31,SE,2
2025-10-31,SG,13
2025-10-31,TW,8
2025-10-31,US,840
2025-11-01,AU,2
2025-11-01,CH,1
2025-11-01,CN,2
2025-11-01,IE,9
2025-11-01,KR,6
2025-11-01,NL,9
2025-11-01,PK,2
2025-11-01,PL,8
2025-11-01,SE,6
2025-11-01,SG,14
2025-11-01,TW,4
2025-11-01,US,652
2025-11-02,FR,2
2025-11-02,IE,2
2025-11-02,IN,4
2025-11-02,KR,2
2025-11-02,NG,2
2025-11-02,NL,6
2025-11-02,NO,2
2025-11-02,SE,6
2025-11-02,SG,6
2025-11-02,TW,6
2025-11-02,US,1340
2025-11-02,VN,4
2025-11-03,CA,7
2025-11-03,CH,13
2025-11-03,CN,7
2025-11-03,DE,6
2025-11-03,FR,16
2025-11-03,GB,6
2025-11-03,GR,5
2025-11-03,HK,6
2025-11-03,IE,3
2025-11-03,IL,1
2025-11-03,IN,2
2025-11-03,IT,2
2025-11-03,JP,4
2025-11-03,KR,13
2025-11-03,MX,1
2025-11-03,NL,14
2025-11-03,PL,10
2025-11-03,PT,4
2025-11-03,RO,1
2025-11-03,SE,9
2025-11-03,SG,12
2025-11-03,TR,2
2025-11-03,TW,9
2025-11-03,US,2814
2025-11-04,AT,2
2025-11-04,AU,2
2025-11-04,CA,3
2025-11-04,CH,57
2025-11-04,CN,6
2025-11-04,DE,14
2025-11-04,DK,1
2025-11-04,ES,6
2025-11-04,FR,14
2025-11-04,GB,10
2025-11-04,HK,3
2025-11-04,IL,1
2025-11-04,JP,12
2025-11-04,KR,8
2025-11-04,MX,1
2025-11-04,NL,12
2025-11-04,PL,2
2025-11-04,SE,8
2025-11-04,SG,25
2025-11-04,TW,4
2025-11-04,US,1278
2025-11-05,AT,2
2025-11-05,CA,4
2025-11-05,CH,5
2025-11-05,CN,8
2025-11-05,DE,4
2025-11-05,ES,4
2025-11-05,IE,8
2025-11-05,IL,2
2025-11-05,IN,6
2025-11-05,JP,5
2025-11-05,KR,17
2025-11-05,MX,2
2025-11-05,NL,12
2025-11-05,PL,6
2025-11-05,SE,6
2025-11-05,SG,6
2025-11-05,TN,1
2025-11-05,TW,8
2025-11-05,US,1676
2025-11-06,AU,2
2025-11-06,CH,2
2025-11-06,CN,9
2025-11-06,CZ,2
2025-11-06,DE,3
2025-11-06,DK,2
2025-11-06,ES,15
2025-11-06,FR,8
2025-11-06,GB,2
2025-11-06,GR,4
2025-11-06,IE,10
2025-11-06,IL,2
2025-11-06,IN,2
2025-11-06,JP,105
2025-11-06,KR,4
2025-11-06,NL,3
2025-11-06,PL,1
2025-11-06,SE,34
2025-11-06,SG,14
2025-11-06,TW,6
2025-11-06,US,1070
2025-11-07,AU,3
2025-11-07,CA,2
2025-11-07,CN,8
2025-11-07,DE,26
2025-11-07,FR,2
2025-11-07,IE,18
2025-11-07,IN,9
2025-11-07,IR,3
2025-11-07,JP,4
2025-11-07,KR,2
2025-11-07,NL,4
2025-11-07,PL,6
2025-11-07,RU,4
2025-11-07,SE,10
2025-11-07,SG,4
2025-11-07,TW,2
2025-11-07,US,1563
2025-11-08,CA,1
2025-11-08,CH,1
2025-11-08,CN,11
2025-11-08,DZ,2
2025-11-08,ES,2
2025-11-08,FR,2
2025-11-08,HK,2
2025-11-08,IE,2
2025-11-08,IN,6
2025-11-08,JP,2
2025-11-08,KR,1
2025-11-08,NG,4
2025-11-08,PL,4
2025-11-08,SE,1
2025-11-08,SG,2
2025-11-08,TW,1
2025-11-08,US,1385
2025-11-09,CA,4
2025-11-09,CN,1
2025-11-09,DE,2
2025-11-09,ES,2
2025-11-09,FI,2
2025-11-09,HK,2
2025-11-09,IN,10
2025-11-09,IR,1
2025-11-09,JP,2
2025-11-09,KR,3
2025-11-09,MY,2
2025-11-09,PL,6
2025-11-09,SE,5
2025-11-09,SG,2
2025-11-09,SI,2
2025-11-09,TW,2
2025-11-09,US,2296
2025-11-10,CA,2
2025-11-10,CH,2
2025-11-10,CN,12
2025-11-10,DE,10
2025-11-10,GB,6
2025-11-10,HK,1
2025-11-10,IL,2
2025-11-10,IN,9
2025-11-10,JP,2
2025-11-10,KR,7
2025-11-10,KZ,1
2025-11-10,MO,2
2025-11-10,NL,1
2025-11-10,PK,1
2025-11-10,RU,2
2025-11-10,SG,4
2025-11-10,TW,4
2025-11-10,UA,2
2025-11-10,US,1752
2025-11-10,VN,1
2025-11-10,ZA,1
2025-11-11,BR,1
2025-11-11,CA,7
2025-11-11,CH,2
2025-11-11,CN,22
2025-11-11,DE,16
2025-11-11,ES,2
2025-11-11,FR,3
2025-11-11,GB,6
2025-11-11,HK,4
2025-11-11,IE,6
2025-11-11,IN,2
2025-11-11,JP,8
2025-11-11,KR,7
2025-11-11,NL,8
2025-11-11,PL,8
2025-11-11,SG,4
2025-11-11,TW,10
2025-11-11,US,1221
2025-11-12,CA,2
2025-11-12,CH,1
2025-11-12,CN,15
2025-11-12,CO,2
2025-11-12,DE,22
2025-11-12,ES,5
2025-11-12,FR,8
2025-11-12,GB,4
2025-11-12,HK,17
2025-11-12,IE,10
2025-11-12,IL,1
2025-11-12,IN,12
2025-11-12,IT,2
2025-11-12,JP,18
2025-11-12,KR,14
2025-11-12,MO,4
2025-11-12,NL,12
2025-11-12,SG,9
2025-11-12,US,838
2025-11-13,BG,2
2025-11-13,CA,6
2025-11-13,CH,2
2025-11-13,CN,7
2025-11-13,CZ,2
2025-11-13,DE,4
2025-11-13,ES,2
2025-11-13,FR,1
2025-11-13,HK,24
2025-11-13,IE,18
2025-11-13,IL,1
2025-11-13,IN,1
2025-11-13,JP,7
2025-11-13,KR,117
2025-11-13,MO,4
2025-11-13,MT,2
2025-11-13,NL,7
2025-11-13,PL,4
2025-11-13,SE,2
2025-11-13,SG,14
2025-11-13,TR,2
2025-11-13,TW,2
2025-11-13,UA,2
2025-11-13,US,997
2025-11-14,CA,2
2025-11-14,CN,11
2025-11-14,DE,4
2025-11-14,FR,4
2025-11-14,HK,15
2025-11-14,IE,26
2025-11-14,IN,2
2025-11-14,IT,6
2025-11-14,JP,10
2025-11-14,KR,113
2025-11-14,NL,4
2025-11-14,PL,4
2025-11-14,SE,4
2025-11-14,SG,4
2025-11-14,TW,2
2025-11-14,US,860
2025-11-15,DE,2
2025-11-15,ES,4
2025-11-15,FI,6
2025-11-15,JP,2
2025-11-15,SG,6
2025-11-15,TW,2
2025-11-15,US,2953
2025-11-16,CA,2
2025-11-16,CN,2
2025-11-16,DE,3
2025-11-16,FR,2
2025-11-16,HK,17
2025-11-16,IN,2
2025-11-16,JP,6
2025-11-16,NL,4
2025-11-16,PL,1
2025-11-16,SE,2
2025-11-16,SG,14
2025-11-16,TW,6
2025-11-16,US,3507
2025-11-17,AT,2
2025-11-17,CH,10
2025-11-17,CN,4
2025-11-17,DE,42
2025-11-17,EE,2
2025-11-17,FR,2
2025-11-17,GB,8
2025-11-17,IE,10
2025-11-17,IN,2
2025-11-17,JP,12
2025-11-17,KR,4
2025-11-17,NL,10
2025-11-17,PL,2
2025-11-17,SE,9
2025-11-17,SG,13
2025-11-17,UA,2
2025-11-17,US,2059
2025-11-17,VN,2
2025-11-18,CA,2
2025-11-18,CH,9
2025-11-18,CN,4
2025-11-18,DE,18
2025-11-18,EG,2
2025-11-18,FI,2
2025-11-18,GB,4
2025-11-18,HK,5
2025-11-18,IE,6
2025-11-18,IL,2
2025-11-18,JP,46
2025-11-18,KR,9
2025-11-18,NL,19
2025-11-18,SE,8
2025-11-18,SG,13
2025-11-18,TR,3
2025-11-18,TW,24
2025-11-18,US,1716
2025-11-18,VN,2
2025-11-19,AE,2
2025-11-19,CH,1
2025-11-19,CN,4
2025-11-19,CO,1
2025-11-19,DE,3
2025-11-19,FR,1
2025-11-19,GB,2
2025-11-19,HK,8
2025-11-19,ID,1
2025-11-19,IE,14
2025-11-19,IN,11
2025-11-19,IT,5
2025-11-19,JP,17
2025-11-19,KR,4
2025-11-19,NL,4
2025-11-19,SG,16
2025-11-19,TH,2
2025-11-19,TW,113
2025-11-19,US,1603
2025-11-20,BD,2
2025-11-20,CA,3
2025-11-20,CN,108
2025-11-20,DE,23
2025-11-20,ES,11
2025-11-20,FR,2
2025-11-20,GB,2
2025-11-20,HK,4
2025-11-20,IE,30
2025-11-20,IN,4
2025-11-20,JP,6
2025-11-20,ML,2
2025-11-20,MO,2
2025-11-20,PL,3
2025-11-20,RO,2
2025-11-20,SE,8
2025-11-20,SG,4
2025-11-20,TW,4
2025-11-20,US,1834
2025-11-21,AU,4
2025-11-21,BA,2
2025-11-21,BD,2
2025-11-21,CA,2
2025-11-21,CH,3
2025-11-21,DE,6
2025-11-21,DK,2
2025-11-21,ES,8
2025-11-21,FR,101
2025-11-21,GB,2
2025-11-21,HK,4
2025-11-21,IE,30
2025-11-21,IT,3
2025-11-21,JP,15
2025-11-21,KR,10
2025-11-21,NL,2
2025-11-21,PK,6
2025-11-21,PL,2
2025-11-21,RS,2
2025-11-21,SE,2
2025-11-21,SG,4
2025-11-21,TW,4
2025-11-21,US,1637
2025-11-22,CN,13
2025-11-22,DE,4
2025-11-22,IN,7
2025-11-22,JP,2
2025-11-22,KR,1
2025-11-22,MO,1
2025-11-22,PL,19
2025-11-22,SE,4
2025-11-22,SG,2
2025-11-22,TW,2
2025-11-22,US,896
2025-11-23,AM,2
2025-11-23,AU,10
2025-11-23,CH,10
2025-11-23,CN,1
2025-11-23,DE,3
2025-11-23,FI,1
2025-11-23,HK,3
2025-11-23,HU,2
2025-11-23,IL,2
2025-11-23,IN,2
2025-11-23,JP,4
2025-11-23,KR,2
2025-11-23,MA,2
2025-11-23,NL,2
2025-11-23,PL,8
2025-11-23,SG,12
2025-11-23,TR,1
2025-11-23,TW,2
2025-11-23,US,617
2025-11-24,BE,1
2025-11-24,CA,2
2025-11-24,CN,3
2025-11-24,DE,4
2025-11-24,FR,4
2025-11-24,GB,5
2025-11-24,GR,2
2025-11-24,HK,1
2025-11-24,IE,6
2025-11-24,IL,1
2025-11-24,IN,12
2025-11-24,JP,2
2025-11-24,KR,10
2025-11-24,MY,2
2025-11-24,NL,4
2025-11-24,PL,4
2025-11-24,RO,1
2025-11-24,RU,1
2025-11-24,SE,6
2025-11-24,SG,2
2025-11-24,TW,6
2025-11-24,US,999
2025-11-25,AT,2
2025-11-25,AU,5
2025-11-25,BE,2
2025-11-25,CN,4
2025-11-25,DE,6
2025-11-25,GB,4
2025-11-25,GR,2
2025-11-25,HK,4
2025-11-25,IE,4
2025-11-25,IT,2
2025-11-25,JP,9
2025-11-25,KR,29
2025-11-25,MO,2
2025-11-25,MY,1
2025-11-25,NL,6
2025-11-25,PL,8
2025-11-25,SE,1
2025-11-25,SG,5
2025-11-25,TR,2
2025-11-25,TW,8
2025-11-25,US,890
2025-11-25,VN,4
2025-11-26,BR,3
2025-11-26,CA,5
2025-11-26,CH,4
2025-11-26,CN,7
2025-11-26,DE,6
2025-11-26,DK,2
2025-11-26,DZ,1
2025-11-26,ES,6
2025-11-26,GB,6
2025-11-26,GH,2
2025-11-26,GR,2
2025-11-26,ID,1
2025-11-26,IE,3
2025-11-26,IN,2
2025-11-26,KR,18
2025-11-26,MY,1
2025-11-26,PK,2
2025-11-26,PL,5
2025-11-26,SG,11
2025-11-26,TW,2
2025-11-26,US,534
2025-11-27,AR,1
2025-11-27,CA,4
2025-11-27,CN,21
2025-11-27,DE,14
2025-11-27,DK,1
2025-11-27,DZ,1
2025-11-27,ES,3
2025-11-27,GB,2
2025-11-27,HK,14
2025-11-27,ID,2
2025-11-27,IE,6
2025-11-27,IN,8
2025-11-27,JP,15
2025-11-27,KR,7
2025-11-27,NL,8
2025-11-27,PT,1
2025-11-27,SE,1
2025-11-27,SG,4
2025-11-27,TW,1
2025-11-27,US,318
2025-11-28,AZ,1
2025-11-28,BD,2
2025-11-28,BR,3
2025-11-28,CA,2
2025-11-28,CH,1
2025-11-28,CN,14
2025-11-28,DE,6
2025-11-28,DZ,2
2025-11-28,FR,1
2025-11-28,GB,2
2025-11-28,HK,8
2025-11-28,IE,4
2025-11-28,IN,6
2025-11-28,JO,1
2025-11-28,JP,10
2025-11-28,KR,39
2025-11-28,MO,2
2025-11-28,PR,2
2025-11-28,PT,4
2025-11-28,PY,1
2025-11-28,SG,6
2025-11-28,SI,2
2025-11-28,TW,8
2025-11-28,UA,1
2025-11-28,US,277
2025-11-28,VN,2
2025-11-29,CL,1
2025-11-29,DE,2
2025-11-29,DK,2
2025-11-29,ES,1
2025-11-29,FR,2
2025-11-29,GB,4
2025-11-29,ID,2
2025-11-29,IN,6
2025-11-29,IQ,1
2025-11-29,JP,2
2025-11-29,KR,10
2025-11-29,NL,8
2025-11-29,RU,1
2025-11-29,SI,6
2025-11-29,TR,2
2025-11-29,TW,8
2025-11-29,US,191
2025-11-29,UY,1
2025-11-29,VE,1
2025-11-29,VN,2
2025-11-30,BY,2
2025-11-30,ES,2
2025-11-30,FR,2
2025-11-30,GB,4
2025-11-30,HK,2
2025-11-30,IE,2
2025-11-30,IL,2
2025-11-30,IN,4
2025-11-30,KR,4
2025-11-30,LB,2
2025-11-30,SG,16
2025-11-30,TW,8
2025-11-30,US,436
2025-11-30,VN,2
2025-12-01,AU,2
2025-12-01,CH,2
2025-12-01,CN,9
2025-12-01,DE,8
2025-12-01,FR,1
2025-12-01,GB,5
2025-12-01,GH,2
2025-12-01,GR,2
2025-12-01,HK,2
2025-12-01,IE,14
2025-12-01,IN,6
2025-12-01,JP,2
2025-12-01,KR,3
2025-12-01,MO,1
2025-12-01,NL,11
2025-12-01,PL,3
2025-12-01,PR,4
2025-12-01,SG,8
2025-12-01,TW,12
2025-12-01,US,627
2025-12-01,VN,10
2025-12-02,AL,3
2025-12-02,AU,4
2025-12-02,CA,2
2025-12-02,CN,11
2025-12-02,DE,2
2025-12-02,ES,2
2025-12-02,FR,1
2025-12-02,GB,2
2025-12-02,GR,2
2025-12-02,HK,3
2025-12-02,IE,6
2025-12-02,IN,3
2025-12-02,JP,8
2025-12-02,KR,3
2025-12-02,MO,1
2025-12-02,NL,8
2025-12-02,PL,4
2025-12-02,RU,1
2025-12-02,SG,14
2025-12-02,TW,8
2025-12-02,US,775
2025-12-02,VN,16
2025-12-03,BE,2
2025-12-03,BR,1
2025-12-03,CH,2
2025-12-03,CN,16
2025-12-03,DE,1
2025-12-03,ES,4
2025-12-03,GB,6
2025-12-03,GR,1
2025-12-03,HK,14
2025-12-03,IE,1
2025-12-03,IN,2
2025-12-03,IT,2
2025-12-03,JP,14
2025-12-03,KR,2
2025-12-03,NL,14
2025-12-03,NZ,2
2025-12-03,PE,2
2025-12-03,PK,2
2025-12-03,SG,5
2025-12-03,TW,22
2025-12-03,US,792
2025-12-03,VN,2
2025-12-04,CA,3
2025-12-04,CH,2
2025-12-04,CN,23
2025-12-04,CZ,2
2025-12-04,DE,2
2025-12-04,ES,4
2025-12-04,FR,6
2025-12-04,GB,2
2025-12-04,HK,10
2025-12-04,ID,1
2025-12-04,IL,6
2025-12-04,IN,10
2025-12-04,IT,1
2025-12-04,JP,13
2025-12-04,KR,2
2025-12-04,NL,6
2025-12-04,PK,4
2025-12-04,PL,5
2025-12-04,SE,4
2025-12-04,SG,3
2025-12-04,TW,8
2025-12-04,UA,1
2025-12-04,US,602
2025-12-04,VN,2
2025-12-05,BR,1
2025-12-05,CA,2
2025-12-05,CN,109
2025-12-05,DE,101
2025-12-05,DK,2
2025-12-05,ES,12
2025-12-05,FI,14
2025-12-05,FR,22
2025-12-05,GB,4
2025-12-05,HK,9
2025-12-05,IN,9
2025-12-05,JP,14
2025-12-05,KR,6
2025-12-05,MA,1
2025-12-05,NL,10
2025-12-05,PT,2
2025-12-05,SE,3
2025-12-05,SG,9
2025-12-05,TR,4
2025-12-05,TW,5
2025-12-05,US,527
2025-12-06,AU,2
2025-12-06,ES,3
2025-12-06,FI,2
2025-12-06,HK,9
2025-12-06,IE,2
2025-12-06,JP,3
2025-12-06,NL,4
2025-12-06,SG,7
2025-12-06,TN,2
2025-12-06,TR,1
2025-12-06,TW,2
2025-12-06,US,278
2025-12-06,VN,2
2025-12-07,CA,2
2025-12-07,CH,2
2025-12-07,CN,1
2025-12-07,DE,2
2025-12-07,ES,2
2025-12-07,HK,2
2025-12-07,IE,1
2025-12-07,IN,3
2025-12-07,IT,2
2025-12-07,SG,12
2025-12-07,TW,4
2025-12-07,US,391
2025-12-08,AU,2
2025-12-08,BR,3
2025-12-08,CA,1
2025-12-08,CH,2
2025-12-08,CN,1
2025-12-08,DE,8
2025-12-08,ES,4
2025-12-08,FR,1
2025-12-08,GB,14
2025-12-08,HK,10
2025-12-08,IE,6
2025-12-08,IL,1
2025-12-08,IN,5
2025-12-08,IR,3
2025-12-08,JP,20
2025-12-08,KR,9
2025-12-08,NL,2
2025-12-08,PK,1
2025-12-08,PL,1
2025-12-08,PR,2
2025-12-08,SI,2
2025-12-08,TW,8
2025-12-08,US,567
2025-12-08,VN,4
2025-12-09,BD,2
2025-12-09,CA,2
2025-12-09,CN,6
2025-12-09,DE,24
2025-12-09,ES,2
2025-12-09,GB,11
2025-12-09,HK,180
2025-12-09,IE,6
2025-12-09,IL,1
2025-12-09,IN,12
2025-12-09,JP,5
2025-12-09,KR,2
2025-12-09,NL,4
2025-12-09,PL,3
2025-12-09,RO,2
2025-12-09,SA,1
2025-12-09,SG,16
2025-12-09,TR,2
2025-12-09,TW,4
2025-12-09,US,697
2025-12-10,AE,2
2025-12-10,AU,2
2025-12-10,CA,4
2025-12-10,CH,6
2025-12-10,CN,11
2025-12-10,DE,6
2025-12-10,ES,2
2025-12-10,FI,2
2025-12-10,GB,9
2025-12-10,HK,9
2025-12-10,HR,2
2025-12-10,ID,1
2025-12-10,IE,12
2025-12-10,IN,5
2025-12-10,IR,1
2025-12-10,JP,32
2025-12-10,LT,3
2025-12-10,MK,1
2025-12-10,NL,16
2025-12-10,NO,2
2025-12-10,PL,2
2025-12-10,PT,1
2025-12-10,SA,3
2025-12-10,SE,1
2025-12-10,SG,16
2025-12-10,TW,11
2025-12-10,US,530
2025-12-11,AE,2
2025-12-11,AT,2
2025-12-11,AU,2
2025-12-11,BE,4
2025-12-11,CA,4
2025-12-11,CN,103
2025-12-11,DE,8
2025-12-11,EG,2
2025-12-11,ES,6
2025-12-11,GB,4
2025-12-11,HK,4
2025-12-11,IE,4
2025-12-11,IN,4
2025-12-11,IT,2
2025-12-11,JP,112
2025-12-11,KR,4
2025-12-11,NL,4
2025-12-11,PK,2
2025-12-11,PL,2
2025-12-11,SG,17
2025-12-11,TN,2
2025-12-11,TR,1
2025-12-11,TW,16
2025-12-11,US,549
2025-12-11,ZA,2
2025-12-12,AT,6
2025-12-12,CA,3
2025-12-12,CN,4
2025-12-12,DE,36
2025-12-12,FI,2
2025-12-12,FR,2
2025-12-12,GB,2
2025-12-12,GR,1
2025-12-12,HK,6
2025-12-12,IE,12
2025-12-12,IN,2
2025-12-12,JP,13
2025-12-12,KR,2
2025-12-12,NL,2
2025-12-12,PL,1
2025-12-12,RO,4
2025-12-12,SG,17
2025-12-12,TW,6
2025-12-12,US,791
2025-12-13,CA,51
2025-12-13,CN,2
2025-12-13,GF,4
2025-12-13,IN,5
2025-12-13,JP,2
2025-12-13,NL,10
2025-12-13,PK,1
2025-12-13,PL,2
2025-12-13,SG,11
2025-12-13,TR,4
2025-12-13,TW,3
2025-12-13,US,382
2025-12-14,AU,2
2025-12-14,CA,4
2025-12-14,EG,2
2025-12-14,HK,2
2025-12-14,SG,1
2025-12-14,TW,2
2025-12-14,US,356
2025-12-15,CA,1
2025-12-15,CH,2
2025-12-15,CN,106
2025-12-15,CZ,2
2025-12-15,DE,19
2025-12-15,DK,2
2025-12-15,GB,5
2025-12-15,HK,31
2025-12-15,IN,1
2025-12-15,IT,2
2025-12-15,KR,18
2025-12-15,NL,4
2025-12-15,PL,11
2025-12-15,SA,1
2025-12-15,SG,8
2025-12-15,TW,6
2025-12-15,US,540
2025-12-16,AU,2
2025-12-16,CA,8
2025-12-16,CH,2
2025-12-16,CN,12
2025-12-16,DE,16
2025-12-16,FI,2
2025-12-16,FR,5
2025-12-16,GB,6
2025-12-16,HK,6
2025-12-16,IE,20
2025-12-16,IL,22
2025-12-16,IN,2
2025-12-16,JP,7
2025-12-16,KR,2
2025-12-16,ME,2
2025-12-16,NL,12
2025-12-16,PL,5
2025-12-16,QA,2
2025-12-16,SE,5
2025-12-16,SG,4
2025-12-16,US,434
2025-12-17,BE,2
2025-12-17,BR,3
2025-12-17,CN,10
2025-12-17,DE,4
2025-12-17,ES,2
2025-12-17,FR,5
2025-12-17,GB,9
2025-12-17,HK,46
2025-12-17,IE,6
2025-12-17,IN,2
2025-12-17,JP,7
2025-12-17,KR,4
2025-12-17,NL,6
2025-12-17,PL,2
2025-12-17,QA,2
2025-12-17,RU,2
2025-12-17,SE,2
2025-12-17,SG,8
2025-12-17,TW,5
2025-12-17,US,895
2025-12-17,VN,2
2025-12-18,AM,1
2025-12-18,BE,6
2025-12-18,CN,8
2025-12-18,DE,14
2025-12-18,ES,2
2025-12-18,GB,4
2025-12-18,HK,12
2025-12-18,IE,10
2025-12-18,IN,10
2025-12-18,KR,2
2025-12-18,MK,2
2025-12-18,NL,4
2025-12-18,RU,4
2025-12-18,SE,1
2025-12-18,SG,10
2025-12-18,TR,2
2025-12-18,TW,2
2025-12-18,UA,1
2025-12-18,US,703
2025-12-18,VN,2
2025-12-19,AU,2
2025-12-19,BE,10
2025-12-19,BR,1
2025-12-19,CN,12
2025-12-19,DE,2
2025-12-19,FR,4
2025-12-19,HK,3
2025-12-19,IE,4
2025-12-19,IN,8
2025-12-19,IR,2
2025-12-19,JP,7
2025-12-19,KR,25
2025-12-19,NL,17
2025-12-19,PL,2
2025-12-19,RU,2
2025-12-19,SG,19
2025-12-19,TW,12
2025-12-19,US,498
2025-12-20,AM,2
2025-12-20,BR,1
2025-12-20,CN,1
2025-12-20,DE,2
2025-12-20,ES,34
2025-12-20,HK,239
2025-12-20,JP,4
2025-12-20,KR,1
2025-12-20,NL,20
2025-12-20,PL,2
2025-12-20,SE,2
2025-12-20,SG,46
2025-12-20,TW,8
2025-12-20,US,373
2025-12-21,CA,4
2025-12-21,CN,5
2025-12-21,DE,5
2025-12-21,ES,32
2025-12-21,FR,2
2025-12-21,HK,3
2025-12-21,IL,1
2025-12-21,IN,2
2025-12-21,KR,2
2025-12-21,NL,4
2025-12-21,PT,2
2025-12-21,RS,2
2025-12-21,RU,3
2025-12-21,SG,1
2025-12-21,TW,4
2025-12-21,UA,57
2025-12-21,US,205
2025-12-22,AE,2
2025-12-22,AU,7
2025-12-22,BR,1
2025-12-22,CA,1
2025-12-22,CN,6
2025-12-22,CZ,2
2025-12-22,DE,5
2025-12-22,DK,4
2025-12-22,GB,7
2025-12-22,HK,4
2025-12-22,IN,8
2025-12-22,IT,4
2025-12-22,NP,1
2025-12-22,PL,2
2025-12-22,SE,2
2025-12-22,SG,10
2025-12-22,TW,2
2025-12-22,UA,4
2025-12-22,US,425
2025-12-23,BD,1
2025-12-23,CA,4
2025-12-23,CN,24
2025-12-23,CZ,2
2025-12-23,DE,8
2025-12-23,EG,1
2025-12-23,HK,54
2025-12-23,IN,5
2025-12-23,JO,2
2025-12-23,KR,2
2025-12-23,NL,5
2025-12-23,NP,1
2025-12-23,PL,1
2025-12-23,SG,3
2025-12-23,US,442
2025-12-24,AU,2
2025-12-24,CA,2
2025-12-24,CH,2
2025-12-24,CL,1
2025-12-24,CN,7
2025-12-24,CZ,2
2025-12-24,DE,3
2025-12-24,ES,3
2025-12-24,GB,6
2025-12-24,HK,39
2025-12-24,IE,5
2025-12-24,IN,1
2025-12-24,IT,2
2025-12-24,JP,6
2025-12-24,KR,4
2025-12-24,LT,2
2025-12-24,MX,2
2025-12-24,NL,8
2025-12-24,SG,4
2025-12-24,UA,1
2025-12-24,US,323
2025-12-25,AM,2
2025-12-25,AU,4
2025-12-25,BD,2
2025-12-25,CN,14
2025-12-25,CZ,4
2025-12-25,DE,4
2025-12-25,HK,22
2025-12-25,IL,2
2025-12-25,IN,1
2025-12-25,JP,16
2025-12-25,KR,6
2025-12-25,NL,8
2025-12-25,PK,2
2025-12-25,SG,8
2025-12-25,SY,1
2025-12-25,TW,2
2025-12-25,UA,3
2025-12-25,US,257
2025-12-26,AR,3
2025-12-26,BR,1
2025-12-26,CN,102
2025-12-26,DE,2
2025-12-26,IN,3
2025-12-26,IR,1
2025-12-26,JP,4
2025-12-26,KR,2
2025-12-26,NL,6
2025-12-26,PS,1
2025-12-26,SG,22
2025-12-26,TR,1
2025-12-26,TW,3
2025-12-26,UA,2
2025-12-26,US,235
2025-12-26,VN,1
2025-12-27,BE,2
2025-12-27,DE,5
2025-12-27,FR,3
2025-12-27,GB,2
2025-12-27,HU,2
2025-12-27,IN,1
2025-12-27,JP,2
2025-12-27,KR,5
2025-12-27,NL,30
2025-12-27,SG,12
2025-12-27,TW,8
2025-12-27,UA,1
2025-12-27,US,293
2025-12-28,BE,2
2025-12-28,CA,5
2025-12-28,DE,2
2025-12-28,ES,4
2025-12-28,HK,5
2025-12-28,HU,4
2025-12-28,IN,5
2025-12-28,KR,6
2025-12-28,NL,5
2025-12-28,NO,6
2025-12-28,SE,2
2025-12-28,SG,17
2025-12-28,TR,3
2025-12-28,TW,4
2025-12-28,UA,5
2025-12-28,US,1335
2025-12-28,VE,1
2025-12-29,AU,4
2025-12-29,BE,2
2025-12-29,CA,6
2025-12-29,CN,4
2025-12-29,FR,4
2025-12-29,GB,5
2025-12-29,HK,2
2025-12-29,ID,2
2025-12-29,IL,4
2025-12-29,JP,5
2025-12-29,KR,10
2025-12-29,NL,6
2025-12-29,PL,2
2025-12-29,SG,4
2025-12-29,TW,2
2025-12-29,UA,2
2025-12-29,US,1626
2025-12-30,CH,1
2025-12-30,ES,4
2025-12-30,FR,2
2025-12-30,IL,2
2025-12-30,JP,3
2025-12-30,KR,3
2025-12-30,MA,6
2025-12-30,MY,2
2025-12-30,NL,2
2025-12-30,PL,2
2025-12-30,SG,12
2025-12-30,TW,3
2025-12-30,UA,3
2025-12-30,US,2325
2025-12-31,AU,2
2025-12-31,CA,4
2025-12-31,CN,2
2025-12-31,DE,101
2025-12-31,ES,2
2025-12-31,FI,2
2025-12-31,IE,2
2025-12-31,IN,4
2025-12-31,JP,8
2025-12-31,KR,3
2025-12-31,MX,2
2025-12-31,NO,3
2025-12-31,PL,5
2025-12-31,SG,6
2025-12-31,UA,2
2025-12-31,US,1780
2026-01-01,BD,2
2026-01-01,DE,102
2026-01-01,HK,3
2026-01-01,IL,2
2026-01-01,JP,2
2026-01-01,LK,4
2026-01-01,MK,2
2026-01-01,MX,1
2026-01-01,NL,11
2026-01-01,PK,2
2026-01-01,RO,1
2026-01-01,SG,4
2026-01-01,UA,2
2026-01-01,US,1880
2026-01-02,AU,4
2026-01-02,CH,1
2026-01-02,CN,5
2026-01-02,HK,1
2026-01-02,IE,2
2026-01-02,IN,13
2026-01-02,NL,2
2026-01-02,PY,1
2026-01-02,SG,14
2026-01-02,TW,4
2026-01-02,US,1930
2026-01-03,AU,2
2026-01-03,BR,2
2026-01-03,CN,2
2026-01-03,FR,6
2026-01-03,GB,10
2026-01-03,HK,2
2026-01-03,IN,18
2026-01-03,KR,7
2026-01-03,MA,2
2026-01-03,PK,2
2026-01-03,PL,4
2026-01-03,SG,8
2026-01-03,TW,4
2026-01-03,UA,1
2026-01-03,US,1125
2026-01-04,CH,2
2026-01-04,CN,7
2026-01-04,DE,5
2026-01-04,ES,2
2026-01-04,HK,9
2026-01-04,IL,2
2026-01-04,IR,2
2026-01-04,JP,2
2026-01-04,NL,4
2026-01-04,PK,5
2026-01-04,PL,6
2026-01-04,SG,10
2026-01-04,TW,4
2026-01-04,UA,2
2026-01-04,US,2107
2026-01-05,AU,4
2026-01-05,BE,2
2026-01-05,BR,2
2026-01-05,CA,1
2026-01-05,CN,7
2026-01-05,GB,4
2026-01-05,GH,2
2026-01-05,GR,4
2026-01-05,HK,1
2026-01-05,IE,12
2026-01-05,IN,5
2026-01-05,IT,2
2026-01-05,JP,2
2026-01-05,KR,10
2026-01-05,NL,5
2026-01-05,PL,3
2026-01-05,SG,16
2026-01-05,TW,24
2026-01-05,US,2317
2026-01-06,AU,2
2026-01-06,CA,2
2026-01-06,CH,2
2026-01-06,CN,2
2026-01-06,CZ,3
2026-01-06,DE,79
2026-01-06,DK,2
2026-01-06,EG,2
2026-01-06,ES,22
2026-01-06,FR,2
2026-01-06,GB,2
2026-01-06,HK,7
2026-01-06,IE,6
2026-01-06,IN,6
2026-01-06,IT,1
2026-01-06,JP,2
2026-01-06,KR,8
2026-01-06,MO,2
2026-01-06,NL,107
2026-01-06,PL,6
2026-01-06,PR,2
2026-01-06,SG,4
2026-01-06,TW,14
2026-01-06,US,1571
2026-01-07,CA,2
2026-01-07,CN,8
2026-01-07,DE,38
2026-01-07,ES,24
2026-01-07,FR,2
2026-01-07,GB,8
2026-01-07,IE,2
2026-01-07,IL,2
2026-01-07,IN,2
2026-01-07,IT,1
2026-01-07,JP,15
2026-01-07,KR,20
2026-01-07,NL,4
2026-01-07,QA,1
2026-01-07,SG,10
2026-01-07,TW,4
2026-01-07,US,1295
2026-01-08,AU,4
2026-01-08,CA,1
2026-01-08,CN,1
2026-01-08,DE,8
2026-01-08,ES,28
2026-01-08,FI,20
2026-01-08,FR,5
2026-01-08,GB,19
2026-01-08,IE,4
2026-01-08,IN,8
2026-01-08,IT,2
2026-01-08,JP,6
2026-01-08,KR,15
2026-01-08,NL,2
2026-01-08,PL,4
2026-01-08,RO,2
2026-01-08,RU,2
2026-01-08,SG,4
2026-01-08,TW,6
2026-01-08,US,1676
2026-01-09,AT,2
2026-01-09,BE,2
2026-01-09,CA,2
2026-01-09,CH,2
2026-01-09,CN,4
2026-01-09,CZ,2
2026-01-09,DE,3
2026-01-09,ES,8
2026-01-09,FI,10
2026-01-09,FR,2
2026-01-09,GB,13
2026-01-09,HK,1
2026-01-09,IN,11
2026-01-09,JP,4
2026-01-09,KR,2
2026-01-09,NL,2
2026-01-09,SE,2
2026-01-09,SG,10
2026-01-09,TW,13
2026-01-09,US,1296
2026-01-10,CN,5
2026-01-10,DE,2
2026-01-10,ES,4
2026-01-10,GB,2
2026-01-10,GR,2
2026-01-10,JP,2
2026-01-10,NL,7
2026-01-10,PL,1
2026-01-10,SG,6
2026-01-10,TW,4
2026-01-10,UA,1
2026-01-10,US,1253
2026-01-11,AM,2
2026-01-11,AT,2
2026-01-11,AU,2
2026-01-11,CN,5
2026-01-11,DE,3
2026-01-11,ES,19
2026-01-11,GB,6
2026-01-11,HK,3
2026-01-11,IN,1
2026-01-11,IT,1
2026-01-11,JP,2
2026-01-11,KR,2
2026-01-11,MA,2
2026-01-11,RU,2
2026-01-11,SA,4
2026-01-11,SG,8
2026-01-11,US,1292
2026-01-12,BE,2
2026-01-12,CA,2
2026-01-12,CN,12
2026-01-12,DE,11
2026-01-12,ES,12
2026-01-12,FI,2
2026-01-12,FR,3
2026-01-12,GB,4
2026-01-12,IE,9
2026-01-12,IN,10
2026-01-12,JP,10
2026-01-12,KR,10
2026-01-12,NL,2
2026-01-12,SE,1
2026-01-12,SG,20
2026-01-12,TW,8
2026-01-12,US,1832
2026-01-12,VN,15
2026-01-13,CA,9
2026-01-13,CH,2
2026-01-13,CN,105
2026-01-13,DE,6
2026-01-13,ES,11
2026-01-13,FR,2
2026-01-13,GB,11
2026-01-13,GR,1
2026-01-13,HK,4
2026-01-13,IL,2
2026-01-13,IN,8
2026-01-13,JP,4
2026-01-13,KR,8
2026-01-13,NL,5
2026-01-13,PL,4
2026-01-13,SG,37
2026-01-13,TR,2
2026-01-13,TW,6
2026-01-13,US,1401
2026-01-14,AT,2
2026-01-14,AU,2
2026-01-14,CA,2
2026-01-14,CN,7
2026-01-14,ES,2
2026-01-14,ET,2
2026-01-14,FR,10
2026-01-14,GB,2
2026-01-14,GR,2
2026-01-14,IE,15
2026-01-14,IL,2
2026-01-14,IN,12
2026-01-14,KR,26
2026-01-14,NL,4
2026-01-14,PL,6
2026-01-14,SG,8
2026-01-14,TW,2
2026-01-14,UA,2
2026-01-14,US,1334
2026-01-15,AM,2
2026-01-15,AU,4
2026-01-15,BE,2
2026-01-15,CA,2
2026-01-15,CL,2
2026-01-15,CN,10
2026-01-15,DE,2
2026-01-15,DK,1
2026-01-15,ES,10
2026-01-15,FR,2
2026-01-15,GB,2
2026-01-15,HK,9
2026-01-15,IE,2
2026-01-15,IL,2
2026-01-15,IN,7
2026-01-15,KR,6
2026-01-15,KZ,2
2026-01-15,NL,2
2026-01-15,SE,2
2026-01-15,SG,8
2026-01-15,TR,2
2026-01-15,TW,4
2026-01-15,US,1118
2026-01-16,CH,2
2026-01-16,CN,7
2026-01-16,CY,2
2026-01-16,DE,2
2026-01-16,GB,6
2026-01-16,IE,1
2026-01-16,IT,2
2026-01-16,JP,48
2026-01-16,KR,9
2026-01-16,NL,3
2026-01-16,PL,4
2026-01-16,SG,8
2026-01-16,TR,2
2026-01-16,TW,5
2026-01-16,US,1209
2026-01-17,BE,2
2026-01-17,CN,8
2026-01-17,GB,4
2026-01-17,ID,2
2026-01-17,IL,6
2026-01-17,IN,8
2026-01-17,KR,4
2026-01-17,PL,4
2026-01-17,RO,2
2026-01-17,SG,5
2026-01-17,TW,2
2026-01-17,US,1086
2026-01-18,CN,12
2026-01-18,CY,2
2026-01-18,EG,2
2026-01-18,ES,2
2026-01-18,GB,1
2026-01-18,GR,2
2026-01-18,HK,2
2026-01-18,IL,2
2026-01-18,IT,2
2026-01-18,JP,2
2026-01-18,KR,6
2026-01-18,NL,8
2026-01-18,PL,2
2026-01-18,SG,8
2026-01-18,TR,101
2026-01-18,TW,8
2026-01-18,US,1082
2026-01-18,VN,1
2026-01-19,AT,2
2026-01-19,CN,24
2026-01-19,DE,4
2026-01-19,ES,2
2026-01-19,FR,2
2026-01-19,GB,1
2026-01-19,GH,2
2026-01-19,HK,3
2026-01-19,IN,2
2026-01-19,JP,8
2026-01-19,KR,4
2026-01-19,NL,4
2026-01-19,NZ,2
2026-01-19,PL,6
2026-01-19,SG,6
2026-01-19,TW,2
2026-01-19,US,475
2026-01-20,AM,1
2026-01-20,AU,3
2026-01-20,BR,6
2026-01-20,CA,5
2026-01-20,CH,6
2026-01-20,CN,51
2026-01-20,CY,191
2026-01-20,CZ,1
2026-01-20,DE,17
2026-01-20,DK,2
2026-01-20,ES,1
2026-01-20,FI,1
2026-01-20,FR,15
2026-01-20,HK,20
2026-01-20,IE,2
2026-01-20,IL,4
2026-01-20,IN,21
2026-01-20,IT,1
2026-01-20,JP,14
2026-01-20,KR,11
2026-01-20,KZ,1
2026-01-20,LI,2
2026-01-20,NL,8
2026-01-20,PH,4
2026-01-20,PL,4
2026-01-20,RU,8
2026-01-20,SA,2
2026-01-20,SE,10
2026-01-20,SG,12
2026-01-20,TW,4
2026-01-20,US,912
2026-01-20,VN,4
2026-01-21,BR,8
2026-01-21,CA,33
2026-01-21,CN,11
2026-01-21,DE,6
2026-01-21,FR,3
2026-01-21,GB,14
2026-01-21,HK,2
2026-01-21,IE,5
2026-01-21,IN,22
2026-01-21,IT,2
2026-01-21,JP,6
2026-01-21,KR,8
2026-01-21,NO,2
2026-01-21,RU,2
2026-01-21,SG,7
2026-01-21,TW,6
2026-01-21,UA,2
2026-01-21,US,560
2026-01-22,AT,1
2026-01-22,AU,2
2026-01-22,CA,5
2026-01-22,CN,17
2026-01-22,DE,16
2026-01-22,DK,2
2026-01-22,ES,4
2026-01-22,FR,3
2026-01-22,GB,6
2026-01-22,GH,4
2026-01-22,GR,1
2026-01-22,HK,311
2026-01-22,IN,2
2026-01-22,JP,14
2026-01-22,KR,9
2026-01-22,NL,8
2026-01-22,NO,2
2026-01-22,NZ,2
2026-01-22,PE,1
2026-01-22,PL,2
2026-01-22,SG,2
2026-01-22,TH,2
2026-01-22,TR,1
2026-01-22,TW,6
2026-01-22,US,2282
2026-01-23,BD,1
2026-01-23,BG,1
2026-01-23,CH,1
2026-01-23,CN,11
2026-01-23,CY,2
2026-01-23,DE,34
2026-01-23,GB,3
2026-01-23,GH,2
2026-01-23,GR,6
2026-01-23,HK,309
2026-01-23,HU,2
2026-01-23,IE,2
2026-01-23,IN,4
2026-01-23,IT,4
2026-01-23,JP,14
2026-01-23,KR,11
2026-01-23,NL,1
2026-01-23,PL,8
2026-01-23,PT,1
2026-01-23,SE,2
2026-01-23,SG,14
2026-01-23,TR,3
2026-01-23,US,1584
2026-01-24,BR,1
2026-01-24,CA,3
2026-01-24,CH,2
2026-01-24,CI,1
2026-01-24,CN,8
2026-01-24,DE,5
2026-01-24,DK,2
2026-01-24,ES,7
2026-01-24,GB,4
2026-01-24,HK,3
2026-01-24,IE,4
2026-01-24,IN,1
2026-01-24,KR,1
2026-01-24,MY,1
2026-01-24,NL,6
2026-01-24,PL,4
2026-01-24,RO,2
2026-01-24,SG,5
2026-01-24,SN,1
2026-01-24,TN,2
2026-01-24,TW,2
2026-01-24,US,2550
2026-01-25,AE,2
2026-01-25,BE,2
2026-01-25,BR,1
2026-01-25,CA,2
2026-01-25,CN,6
2026-01-25,FR,2
2026-01-25,GB,7
2026-01-25,ID,1
2026-01-25,IL,2
2026-01-25,IN,7
2026-01-25,JP,2
2026-01-25,KR,6
2026-01-25,NL,4
2026-01-25,NZ,2
2026-01-25,PH,1
2026-01-25,PT,2
2026-01-25,RO,5
2026-01-25,SG,4
2026-01-25,US,4837
2026-01-25,VN,27
2026-01-26,AU,2
2026-01-26,BR,1
2026-01-26,CA,3
2026-01-26,CN,10
2026-01-26,DE,6
2026-01-26,FI,3
2026-01-26,FR,1
2026-01-26,GB,18
2026-01-26,HK,8
2026-01-26,IE,10
2026-01-26,IN,3
2026-01-26,IR,2
2026-01-26,IT,2
2026-01-26,JP,21
2026-01-26,KR,12
2026-01-26,NL,8
2026-01-26,PL,10
2026-01-26,PT,2
2026-01-26,SE,5
2026-01-26,SG,6
2026-01-26,TN,2
2026-01-26,TW,10
2026-01-26,US,4287
2026-01-27,BE,8
2026-01-27,CA,122
2026-01-27,CH,2
2026-01-27,CN,11
2026-01-27,CY,4
2026-01-27,DK,2
2026-01-27,ES,4
2026-01-27,FR,2
2026-01-27,GB,5
2026-01-27,GH,2
2026-01-27,GR,2
2026-01-27,HK,5
2026-01-27,IE,2
2026-01-27,IL,2
2026-01-27,IN,8
2026-01-27,JP,11
2026-01-27,KR,13
2026-01-27,NL,4
2026-01-27,NZ,2
2026-01-27,PL,8
2026-01-27,PT,2
2026-01-27,SG,13
2026-01-27,TN,2
2026-01-27,TR,2
2026-01-27,TW,10
2026-01-27,US,5571
2026-01-27,VN,2
2026-01-28,CA,73
2026-01-28,CN,10
2026-01-28,CY,6
2026-01-28,ES,2
2026-01-28,FR,8
2026-01-28,GB,6
2026-01-28,GH,3
2026-01-28,GR,2
2026-01-28,HK,2
2026-01-28,IN,8
2026-01-28,IT,4
2026-01-28,JP,10
2026-01-28,KR,6
2026-01-28,NL,10
2026-01-28,PL,2
2026-01-28,SE,6
2026-01-28,SG,22
2026-01-28,TN,2
2026-01-28,TW,4
2026-01-28,UA,2
2026-01-28,US,5526
2026-01-29,BE,3
2026-01-29,CA,28
2026-01-29,CH,4
2026-01-29,CN,20
2026-01-29,DE,15
2026-01-29,FR,2
2026-01-29,GB,4
2026-01-29,GH,6
2026-01-29,HK,2
2026-01-29,IL,2
2026-01-29,IN,5
2026-01-29,IR,1
2026-01-29,IT,2
2026-01-29,JP,22
2026-01-29,KR,7
2026-01-29,MX,2
2026-01-29,PL,2
2026-01-29,SE,47
2026-01-29,SG,6
2026-01-29,TW,6
2026-01-29,US,3615
2026-01-30,AT,2
2026-01-30,CA,5
2026-01-30,CH,2
2026-01-30,CN,13
2026-01-30,DE,7
2026-01-30,FI,2
2026-01-30,GB,4
2026-01-30,HK,8
2026-01-30,IL,10
2026-01-30,IN,22
2026-01-30,IT,5
2026-01-30,KR,1
2026-01-30,NL,2
2026-01-30,NZ,6
2026-01-30,PT,2
2026-01-30,SE,4
2026-01-30,SG,6
2026-01-30,TH,1
2026-01-30,TW,4
2026-01-30,US,2087
2026-01-30,VN,2
2026-01-31,AR,2
2026-01-31,CA,3
2026-01-31,CN,1
2026-01-31,FI,5
2026-01-31,GB,2
2026-01-31,HK,4
2026-01-31,IN,2
2026-01-31,KR,1
2026-01-31,MY,2
2026-01-31,NL,2
2026-01-31,SE,2
2026-01-31,SG,8
2026-01-31,TW,2
2026-01-31,US,1307
2026-02-01,BE,2
2026-02-01,CN,14
2026-02-01,DE,116
2026-02-01,GB,2
2026-02-01,HK,2
2026-02-01,IN,2
2026-02-01,JP,2
2026-02-01,KR,1
2026-02-01,LB,2
2026-02-01,PL,2
2026-02-01,SG,8
2026-02-01,TW,4
2026-02-01,US,1552
