date,category,downloads
2022-02-22,with_mirrors,296
2022-02-22,without_mirrors,25
2022-02-23,with_mirrors,19
2022-02-24,with_mirrors,7
2022-02-24,without_mirrors,1
2022-02-25,with_mirrors,175
2022-02-25,without_mirrors,10
2022-02-26,with_mirrors,218
2022-02-26,without_mirrors,5
2022-02-27,with_mirrors,63
2022-02-27,without_mirrors,1
2022-02-28,with_mirrors,51
2022-02-28,without_mirrors,1
2022-03-01,with_mirrors,41
2022-03-02,with_mirrors,1096
2022-03-02,without_mirrors,46
2022-03-03,with_mirrors,170
2022-03-03,without_mirrors,2
2022-03-04,with_mirrors,123
2022-03-04,without_mirrors,1
2022-03-05,with_mirrors,90
2022-03-06,with_mirrors,81
2022-03-07,with_mirrors,17
2022-03-08,with_mirrors,72
2022-03-08,without_mirrors,1
2022-03-09,with_mirrors,43
2022-03-10,with_mirrors,70
2022-03-11,with_mirrors,25
2022-03-12,with_mirrors,18
2022-03-13,with_mirrors,11
2022-03-14,with_mirrors,60
2022-03-15,with_mirrors,13
2022-03-15,without_mirrors,1
2022-03-16,with_mirrors,9
2022-03-17,with_mirrors,30
2022-03-18,with_mirrors,18
2022-03-19,with_mirrors,14
2022-03-20,with_mirrors,40
2022-03-21,with_mirrors,29
2022-03-22,with_mirrors,42
2022-03-23,with_mirrors,29
2022-03-24,with_mirrors,45
2022-03-25,with_mirrors,9
2022-03-26,with_mirrors,28
2022-03-27,with_mirrors,9
2022-03-28,with_mirrors,18
2022-03-29,with_mirrors,54
2022-03-30,with_mirrors,11
2022-03-31,with_mirrors,21
2022-04-01,with_mirrors,46
2022-04-02,with_mirrors,4
2022-04-03,with_mirrors,12
2022-04-04,with_mirrors,11
2022-04-05,with_mirrors,21
2022-04-06,with_mirrors,10
2022-04-07,with_mirrors,37
2022-04-08,with_mirrors,46
2022-04-10,with_mirrors,11
2022-04-11,with_mirrors,10
2022-04-12,with_mirrors,23
2022-04-13,with_mirrors,32
2022-04-14,with_mirrors,34
2022-04-15,with_mirrors,28
2022-04-15,without_mirrors,1
2022-04-16,with_mirrors,24
2022-04-17,with_mirrors,9
2022-04-19,with_mirrors,10
2022-04-20,with_mirrors,27
2022-04-21,with_mirrors,9
2022-04-23,with_mirrors,27
2022-04-24,with_mirrors,9
2022-04-25,with_mirrors,11
2022-04-26,with_mirrors,19
2022-04-27,with_mirrors,12
2022-04-28,with_mirrors,9
2022-04-29,with_mirrors,10
2022-05-02,with_mirrors,1
2022-05-04,with_mirrors,10
2022-05-04,without_mirrors,1
2022-05-05,with_mirrors,18
2022-05-06,with_mirrors,24
2022-05-07,with_mirrors,13
2022-05-07,without_mirrors,1
2022-05-08,with_mirrors,11
2022-05-08,without_mirrors,2
2022-05-09,with_mirrors,10
2022-05-09,without_mirrors,1
2022-05-10,with_mirrors,831
2022-05-10,without_mirrors,33
2022-05-11,with_mirrors,65
2022-05-12,with_mirrors,21
2022-05-12,without_mirrors,2
2022-05-13,with_mirrors,16
2022-05-13,without_mirrors,4
2022-05-14,with_mirrors,10
2022-05-15,with_mirrors,3
2022-05-15,without_mirrors,3
2022-05-16,with_mirrors,20
2022-05-16,without_mirrors,3
2022-05-17,with_mirrors,428
2022-05-17,without_mirrors,21
2022-05-18,with_mirrors,107
2022-05-18,without_mirrors,4
2022-05-19,with_mirrors,86
2022-05-19,without_mirrors,16
2022-05-20,with_mirrors,128
2022-05-20,without_mirrors,90
2022-05-21,with_mirrors,57
2022-05-21,without_mirrors,16
2022-05-22,with_mirrors,60
2022-05-22,without_mirrors,10
2022-05-23,with_mirrors,37
2022-05-23,without_mirrors,26
2022-05-24,with_mirrors,28
2022-05-24,without_mirrors,13
2022-05-25,with_mirrors,216
2022-05-25,without_mirrors,14
2022-05-26,with_mirrors,75
2022-05-26,without_mirrors,12
2022-05-27,with_mirrors,38
2022-05-27,without_mirrors,11
2022-05-28,with_mirrors,245
2022-05-28,without_mirrors,16
2022-05-29,with_mirrors,74
2022-05-29,without_mirrors,6
2022-05-30,with_mirrors,53
2022-05-30,without_mirrors,27
2022-05-31,with_mirrors,63
2022-05-31,without_mirrors,11
2022-06-01,with_mirrors,93
2022-06-01,without_mirrors,13
2022-06-02,with_mirrors,19
2022-06-02,without_mirrors,5
2022-06-03,with_mirrors,125
2022-06-03,without_mirrors,8
2022-06-04,with_mirrors,135
2022-06-04,without_mirrors,1
2022-06-05,with_mirrors,101
2022-06-05,without_mirrors,5
2022-06-06,with_mirrors,94
2022-06-06,without_mirrors,13
2022-06-07,with_mirrors,22
2022-06-07,without_mirrors,8
2022-06-08,with_mirrors,153
2022-06-08,without_mirrors,19
2022-06-09,with_mirrors,251
2022-06-09,without_mirrors,26
2022-06-10,with_mirrors,205
2022-06-10,without_mirrors,8
2022-06-11,with_mirrors,91
2022-06-11,without_mirrors,5
2022-06-12,with_mirrors,20
2022-06-12,without_mirrors,2
2022-06-13,with_mirrors,38
2022-06-13,without_mirrors,11
2022-06-14,with_mirrors,94
2022-06-14,without_mirrors,3
2022-06-15,with_mirrors,81
2022-06-15,without_mirrors,4
2022-06-16,with_mirrors,61
2022-06-16,without_mirrors,8
2022-06-17,with_mirrors,45
2022-06-17,without_mirrors,3
2022-06-18,with_mirrors,43
2022-06-18,without_mirrors,5
2022-06-19,with_mirrors,43
2022-06-20,with_mirrors,9
2022-06-20,without_mirrors,2
2022-06-21,with_mirrors,73
2022-06-21,without_mirrors,8
2022-06-22,with_mirrors,20
2022-06-22,without_mirrors,10
2022-06-23,with_mirrors,77
2022-06-23,without_mirrors,6
2022-06-24,with_mirrors,161
2022-06-24,without_mirrors,12
2022-06-25,with_mirrors,146
2022-06-25,without_mirrors,3
2022-06-26,with_mirrors,47
2022-06-26,without_mirrors,3
2022-06-27,with_mirrors,295
2022-06-27,without_mirrors,21
2022-06-28,with_mirrors,108
2022-06-28,without_mirrors,15
2022-06-29,with_mirrors,208
2022-06-29,without_mirrors,11
2022-06-30,with_mirrors,204
2022-06-30,without_mirrors,14
2022-07-01,with_mirrors,273
2022-07-01,without_mirrors,6
2022-07-02,with_mirrors,45
2022-07-02,without_mirrors,3
2022-07-03,with_mirrors,137
2022-07-03,without_mirrors,1
2022-07-04,with_mirrors,45
2022-07-04,without_mirrors,4
2022-07-05,with_mirrors,69
2022-07-05,without_mirrors,6
2022-07-06,with_mirrors,40
2022-07-06,without_mirrors,2
2022-07-07,with_mirrors,78
2022-07-07,without_mirrors,7
2022-07-08,with_mirrors,267
2022-07-08,without_mirrors,14
2022-07-09,with_mirrors,107
2022-07-09,without_mirrors,6
2022-07-10,with_mirrors,122
2022-07-10,without_mirrors,2
2022-07-11,with_mirrors,28
2022-07-11,without_mirrors,5
2022-07-12,with_mirrors,34
2022-07-12,without_mirrors,3
2022-07-13,with_mirrors,17
2022-07-13,without_mirrors,6
2022-07-14,with_mirrors,19
2022-07-14,without_mirrors,5
2022-07-15,with_mirrors,7
2022-07-15,without_mirrors,3
2022-07-16,with_mirrors,9
2022-07-16,without_mirrors,5
2022-07-17,with_mirrors,45
2022-07-17,without_mirrors,5
2022-07-18,with_mirrors,58
2022-07-18,without_mirrors,2
2022-07-19,with_mirrors,43
2022-07-19,without_mirrors,6
2022-07-20,with_mirrors,44
2022-07-20,without_mirrors,1
2022-07-21,with_mirrors,77
2022-07-21,without_mirrors,3
2022-07-22,with_mirrors,67
2022-07-22,without_mirrors,7
2022-07-23,with_mirrors,88
2022-07-24,with_mirrors,2
2022-07-24,without_mirrors,2
2022-07-25,with_mirrors,106
2022-07-25,without_mirrors,1
2022-07-26,with_mirrors,72
2022-07-26,without_mirrors,8
2022-07-27,with_mirrors,38
2022-07-27,without_mirrors,7
2022-07-28,with_mirrors,21
2022-07-28,without_mirrors,7
2022-07-29,with_mirrors,129
2022-07-29,without_mirrors,8
2022-07-30,with_mirrors,39
2022-07-30,without_mirrors,2
2022-07-31,with_mirrors,59
2022-08-01,with_mirrors,38
2022-08-01,without_mirrors,3
2022-08-02,with_mirrors,18
2022-08-02,without_mirrors,7
2022-08-03,with_mirrors,22
2022-08-03,without_mirrors,4
2022-08-04,with_mirrors,70
2022-08-04,without_mirrors,14
2022-08-05,with_mirrors,267
2022-08-05,without_mirrors,26
2022-08-06,with_mirrors,344
2022-08-06,without_mirrors,66
2022-08-07,with_mirrors,226
2022-08-07,without_mirrors,144
2022-08-08,with_mirrors,217
2022-08-08,without_mirrors,140
2022-08-09,with_mirrors,240
2022-08-09,without_mirrors,93
2022-08-10,with_mirrors,142
2022-08-10,without_mirrors,54
2022-08-11,with_mirrors,109
2022-08-11,without_mirrors,33
2022-08-12,with_mirrors,254
2022-08-12,without_mirrors,44
2022-08-13,with_mirrors,132
2022-08-13,without_mirrors,14
2022-08-14,with_mirrors,41
2022-08-14,without_mirrors,12
2022-08-15,with_mirrors,150
2022-08-15,without_mirrors,19
2022-08-16,with_mirrors,232
2022-08-16,without_mirrors,27
2022-08-17,with_mirrors,34
2022-08-17,without_mirrors,23
2022-08-18,with_mirrors,158
2022-08-18,without_mirrors,38
2022-08-19,with_mirrors,114
2022-08-19,without_mirrors,19
2022-08-20,with_mirrors,148
2022-08-20,without_mirrors,5
2022-08-21,with_mirrors,198
2022-08-21,without_mirrors,7
2022-08-22,with_mirrors,88
2022-08-22,without_mirrors,22
2022-08-23,with_mirrors,166
2022-08-23,without_mirrors,16
2022-08-24,with_mirrors,229
2022-08-24,without_mirrors,30
2022-08-25,with_mirrors,130
2022-08-25,without_mirrors,21
2022-08-26,with_mirrors,327
2022-08-26,without_mirrors,11
2022-08-27,with_mirrors,62
2022-08-27,without_mirrors,4
2022-08-28,with_mirrors,79
2022-08-28,without_mirrors,2
2022-08-29,with_mirrors,31
2022-08-29,without_mirrors,8
2022-08-30,with_mirrors,82
2022-08-30,without_mirrors,13
2022-08-31,with_mirrors,130
2022-08-31,without_mirrors,28
2022-09-01,with_mirrors,177
2022-09-01,without_mirrors,12
2022-09-02,with_mirrors,161
2022-09-02,without_mirrors,22
2022-09-03,with_mirrors,246
2022-09-03,without_mirrors,4
2022-09-04,with_mirrors,53
2022-09-04,without_mirrors,4
2022-09-05,with_mirrors,113
2022-09-05,without_mirrors,15
2022-09-06,with_mirrors,83
2022-09-06,without_mirrors,10
2022-09-07,with_mirrors,117
2022-09-07,without_mirrors,27
2022-09-08,with_mirrors,143
2022-09-08,without_mirrors,14
2022-09-09,with_mirrors,256
2022-09-09,without_mirrors,34
2022-09-10,with_mirrors,69
2022-09-10,without_mirrors,8
2022-09-11,with_mirrors,80
2022-09-11,without_mirrors,2
2022-09-12,with_mirrors,112
2022-09-12,without_mirrors,13
2022-09-13,with_mirrors,27
2022-09-13,without_mirrors,8
2022-09-14,with_mirrors,185
2022-09-14,without_mirrors,37
2022-09-15,with_mirrors,183
2022-09-15,without_mirrors,8
2022-09-16,with_mirrors,111
2022-09-16,without_mirrors,9
2022-09-17,with_mirrors,117
2022-09-17,without_mirrors,2
2022-09-18,with_mirrors,55
2022-09-18,without_mirrors,1
2022-09-19,with_mirrors,166
2022-09-19,without_mirrors,13
2022-09-20,with_mirrors,41
2022-09-20,without_mirrors,21
2022-09-21,with_mirrors,40
2022-09-21,without_mirrors,17
2022-09-22,with_mirrors,151
2022-09-22,without_mirrors,13
2022-09-23,with_mirrors,101
2022-09-23,without_mirrors,7
2022-09-24,with_mirrors,11
2022-09-24,without_mirrors,1
2022-09-25,with_mirrors,13
2022-09-25,without_mirrors,6
2022-09-26,with_mirrors,157
2022-09-26,without_mirrors,10
2022-09-27,with_mirrors,131
2022-09-27,without_mirrors,9
2022-09-28,with_mirrors,79
2022-09-28,without_mirrors,14
2022-09-29,with_mirrors,24
2022-09-29,without_mirrors,17
2022-09-30,with_mirrors,115
2022-09-30,without_mirrors,29
2022-10-01,with_mirrors,123
2022-10-01,without_mirrors,1
2022-10-02,with_mirrors,10
2022-10-02,without_mirrors,3
2022-10-03,with_mirrors,102
2022-10-03,without_mirrors,10
2022-10-04,with_mirrors,189
2022-10-04,without_mirrors,7
2022-10-05,with_mirrors,93
2022-10-05,without_mirrors,15
2022-10-06,with_mirrors,36
2022-10-06,without_mirrors,8
2022-10-07,with_mirrors,152
2022-10-07,without_mirrors,66
2022-10-08,with_mirrors,30
2022-10-08,without_mirrors,17
2022-10-09,with_mirrors,48
2022-10-09,without_mirrors,2
2022-10-10,with_mirrors,53
2022-10-10,without_mirrors,17
2022-10-11,with_mirrors,19
2022-10-11,without_mirrors,11
2022-10-12,with_mirrors,111
2022-10-12,without_mirrors,7
2022-10-13,with_mirrors,164
2022-10-13,without_mirrors,3
2022-10-14,with_mirrors,84
2022-10-14,without_mirrors,18
2022-10-15,with_mirrors,103
2022-10-15,without_mirrors,16
2022-10-16,with_mirrors,76
2022-10-16,without_mirrors,10
2022-10-17,with_mirrors,53
2022-10-17,without_mirrors,15
2022-10-18,with_mirrors,124
2022-10-18,without_mirrors,30
2022-10-19,with_mirrors,133
2022-10-19,without_mirrors,10
2022-10-20,with_mirrors,57
2022-10-20,without_mirrors,9
2022-10-21,with_mirrors,73
2022-10-21,without_mirrors,8
2022-10-22,with_mirrors,159
2022-10-22,without_mirrors,15
2022-10-23,with_mirrors,15
2022-10-23,without_mirrors,1
2022-10-24,with_mirrors,13
2022-10-24,without_mirrors,6
2022-10-25,with_mirrors,86
2022-10-25,without_mirrors,22
2022-10-26,with_mirrors,136
2022-10-26,without_mirrors,15
2022-10-27,with_mirrors,75
2022-10-27,without_mirrors,9
2022-10-28,with_mirrors,15
2022-10-28,without_mirrors,8
2022-10-29,with_mirrors,130
2022-10-30,with_mirrors,138
2022-10-30,without_mirrors,5
2022-10-31,with_mirrors,12
2022-10-31,without_mirrors,5
2022-11-01,with_mirrors,31
2022-11-01,without_mirrors,1
2022-11-02,with_mirrors,52
2022-11-02,without_mirrors,5
2022-11-03,with_mirrors,25
2022-11-03,without_mirrors,6
2022-11-04,with_mirrors,82
2022-11-04,without_mirrors,7
2022-11-05,with_mirrors,75
2022-11-05,without_mirrors,4
2022-11-06,with_mirrors,172
2022-11-06,without_mirrors,9
2022-11-07,with_mirrors,72
2022-11-07,without_mirrors,8
2022-11-08,with_mirrors,34
2022-11-08,without_mirrors,2
2022-11-09,with_mirrors,15
2022-11-09,without_mirrors,8
2022-11-10,with_mirrors,231
2022-11-10,without_mirrors,17
2022-11-11,with_mirrors,208
2022-11-11,without_mirrors,11
2022-11-12,with_mirrors,106
2022-11-13,with_mirrors,99
2022-11-13,without_mirrors,2
2022-11-14,with_mirrors,42
2022-11-14,without_mirrors,19
2022-11-15,with_mirrors,95
2022-11-15,without_mirrors,28
2022-11-16,with_mirrors,34
2022-11-16,without_mirrors,23
2022-11-17,with_mirrors,119
2022-11-17,without_mirrors,22
2022-11-18,with_mirrors,71
2022-11-18,without_mirrors,1
2022-11-19,with_mirrors,114
2022-11-19,without_mirrors,3
2022-11-20,with_mirrors,37
2022-11-20,without_mirrors,5
2022-11-21,with_mirrors,148
2022-11-21,without_mirrors,6
2022-11-22,with_mirrors,10
2022-11-22,without_mirrors,5
2022-11-23,with_mirrors,26
2022-11-23,without_mirrors,14
2022-11-24,with_mirrors,215
2022-11-24,without_mirrors,9
2022-11-25,with_mirrors,144
2022-11-25,without_mirrors,4
2022-11-26,with_mirrors,63
2022-11-26,without_mirrors,1
2022-11-27,with_mirrors,137
2022-11-28,with_mirrors,21
2022-11-28,without_mirrors,14
2022-11-29,with_mirrors,165
2022-11-29,without_mirrors,34
2022-11-30,with_mirrors,38
2022-11-30,without_mirrors,37
2022-12-01,with_mirrors,70
2022-12-01,without_mirrors,7
2022-12-02,with_mirrors,133
2022-12-02,without_mirrors,6
2022-12-03,with_mirrors,73
2022-12-03,without_mirrors,3
2022-12-04,with_mirrors,7
2022-12-04,without_mirrors,3
2022-12-05,with_mirrors,14
2022-12-05,without_mirrors,7
2022-12-06,with_mirrors,33
2022-12-06,without_mirrors,23
2022-12-07,with_mirrors,126
2022-12-07,without_mirrors,9
2022-12-08,with_mirrors,134
2022-12-08,without_mirrors,8
2022-12-09,with_mirrors,70
2022-12-09,without_mirrors,8
2022-12-10,with_mirrors,129
2022-12-10,without_mirrors,8
2022-12-11,with_mirrors,88
2022-12-11,without_mirrors,3
2022-12-12,with_mirrors,37
2022-12-12,without_mirrors,7
2022-12-13,with_mirrors,31
2022-12-13,without_mirrors,11
2022-12-14,with_mirrors,16
2022-12-14,without_mirrors,6
2022-12-15,with_mirrors,22
2022-12-15,without_mirrors,15
2022-12-16,with_mirrors,13
2022-12-16,without_mirrors,6
2022-12-17,with_mirrors,22
2022-12-17,without_mirrors,10
2022-12-18,with_mirrors,10
2022-12-18,without_mirrors,1
2022-12-19,with_mirrors,26
2022-12-19,without_mirrors,12
2022-12-20,with_mirrors,76
2022-12-21,with_mirrors,101
2022-12-21,without_mirrors,1
2022-12-22,with_mirrors,46
2022-12-22,without_mirrors,5
2022-12-23,with_mirrors,25
2022-12-23,without_mirrors,5
2022-12-24,with_mirrors,11
2022-12-24,without_mirrors,10
2022-12-25,with_mirrors,66
2022-12-26,with_mirrors,96
2022-12-26,without_mirrors,8
2022-12-27,with_mirrors,131
2022-12-27,without_mirrors,3
2022-12-28,with_mirrors,52
2022-12-28,without_mirrors,8
2022-12-29,with_mirrors,23
2022-12-29,without_mirrors,17
2022-12-30,with_mirrors,106
2022-12-30,without_mirrors,21
2022-12-31,with_mirrors,117
2022-12-31,without_mirrors,2
2023-01-01,with_mirrors,118
2023-01-01,without_mirrors,7
2023-01-02,with_mirrors,103
2023-01-02,without_mirrors,4
2023-01-03,with_mirrors,111
2023-01-03,without_mirrors,3
2023-01-04,with_mirrors,123
2023-01-04,without_mirrors,13
2023-01-05,with_mirrors,99
2023-01-05,without_mirrors,5
2023-01-06,with_mirrors,70
2023-01-06,without_mirrors,36
2023-01-07,with_mirrors,212
2023-01-07,without_mirrors,7
2023-01-08,with_mirrors,295
2023-01-08,without_mirrors,9
2023-01-09,with_mirrors,101
2023-01-09,without_mirrors,28
2023-01-10,with_mirrors,53
2023-01-10,without_mirrors,41
2023-01-11,with_mirrors,69
2023-01-11,without_mirrors,16
2023-01-12,with_mirrors,131
2023-01-12,without_mirrors,37
2023-01-13,with_mirrors,68
2023-01-13,without_mirrors,22
2023-01-14,with_mirrors,76
2023-01-14,without_mirrors,5
2023-01-15,with_mirrors,23
2023-01-15,without_mirrors,11
2023-01-16,with_mirrors,38
2023-01-16,without_mirrors,10
2023-01-17,with_mirrors,28
2023-01-17,without_mirrors,17
2023-01-18,with_mirrors,10
2023-01-18,without_mirrors,8
2023-01-19,with_mirrors,47
2023-01-19,without_mirrors,11
2023-01-20,with_mirrors,108
2023-01-20,without_mirrors,28
2023-01-21,with_mirrors,11
2023-01-21,without_mirrors,9
2023-01-22,with_mirrors,92
2023-01-22,without_mirrors,4
2023-01-23,with_mirrors,8
2023-01-23,without_mirrors,7
2023-01-24,with_mirrors,43
2023-01-24,without_mirrors,5
2023-01-25,with_mirrors,147
2023-01-25,without_mirrors,11
2023-01-26,with_mirrors,18
2023-01-26,without_mirrors,14
2023-01-27,with_mirrors,13
2023-01-27,without_mirrors,10
2023-01-28,with_mirrors,30
2023-01-28,without_mirrors,1
2023-01-29,with_mirrors,58
2023-01-29,without_mirrors,5
2023-01-30,with_mirrors,9
2023-01-30,without_mirrors,7
2023-01-31,with_mirrors,76
2023-01-31,without_mirrors,6
2023-02-01,with_mirrors,24
2023-02-01,without_mirrors,8
2023-02-02,with_mirrors,84
2023-02-02,without_mirrors,16
2023-02-03,with_mirrors,14
2023-02-03,without_mirrors,14
2023-02-04,with_mirrors,76
2023-02-04,without_mirrors,10
2023-02-05,with_mirrors,29
2023-02-05,without_mirrors,29
2023-02-06,with_mirrors,15
2023-02-06,without_mirrors,15
2023-02-07,with_mirrors,28
2023-02-07,without_mirrors,6
2023-02-08,with_mirrors,79
2023-02-08,without_mirrors,12
2023-02-09,with_mirrors,10
2023-02-09,without_mirrors,10
2023-02-10,with_mirrors,74
2023-02-10,without_mirrors,7
2023-02-11,with_mirrors,80
2023-02-11,without_mirrors,10
2023-02-12,with_mirrors,168
2023-02-12,without_mirrors,6
2023-02-13,with_mirrors,220
2023-02-13,without_mirrors,1
2023-02-14,with_mirrors,10
2023-02-14,without_mirrors,5
2023-02-15,with_mirrors,190
2023-02-15,without_mirrors,34
2023-02-16,with_mirrors,161
2023-02-16,without_mirrors,17
2023-02-17,with_mirrors,206
2023-02-17,without_mirrors,5
2023-02-18,with_mirrors,17
2023-02-18,without_mirrors,11
2023-02-19,with_mirrors,80
2023-02-19,without_mirrors,6
2023-02-20,with_mirrors,11
2023-02-20,without_mirrors,10
2023-02-21,with_mirrors,57
2023-02-21,without_mirrors,47
2023-02-22,with_mirrors,218
2023-02-22,without_mirrors,61
2023-02-23,with_mirrors,40
2023-02-23,without_mirrors,30
2023-02-24,with_mirrors,279
2023-02-24,without_mirrors,38
2023-02-25,with_mirrors,70
2023-02-25,without_mirrors,48
2023-02-26,with_mirrors,32
2023-02-26,without_mirrors,21
2023-02-27,with_mirrors,167
2023-02-27,without_mirrors,36
2023-02-28,with_mirrors,42
2023-02-28,without_mirrors,23
2023-03-01,with_mirrors,194
2023-03-01,without_mirrors,22
2023-03-02,with_mirrors,99
2023-03-02,without_mirrors,12
2023-03-03,with_mirrors,37
2023-03-03,without_mirrors,5
2023-03-04,with_mirrors,169
2023-03-05,with_mirrors,67
2023-03-06,with_mirrors,12
2023-03-06,without_mirrors,11
2023-03-07,with_mirrors,96
2023-03-07,without_mirrors,28
2023-03-08,with_mirrors,75
2023-03-08,without_mirrors,7
2023-03-09,with_mirrors,19
2023-03-09,without_mirrors,9
2023-03-10,with_mirrors,117
2023-03-10,without_mirrors,12
2023-03-11,with_mirrors,254
2023-03-11,without_mirrors,10
2023-03-12,with_mirrors,68
2023-03-12,without_mirrors,7
2023-03-13,with_mirrors,78
2023-03-13,without_mirrors,10
2023-03-14,with_mirrors,84
2023-03-14,without_mirrors,19
2023-03-15,with_mirrors,342
2023-03-15,without_mirrors,46
2023-03-16,with_mirrors,44
2023-03-16,without_mirrors,40
2023-03-17,with_mirrors,40
2023-03-17,without_mirrors,21
2023-03-18,with_mirrors,94
2023-03-18,without_mirrors,23
2023-03-19,with_mirrors,128
2023-03-19,without_mirrors,18
2023-03-20,with_mirrors,384
2023-03-20,without_mirrors,20
2023-03-21,with_mirrors,231
2023-03-21,without_mirrors,16
2023-03-22,with_mirrors,22
2023-03-22,without_mirrors,9
2023-03-23,with_mirrors,50
2023-03-23,without_mirrors,12
2023-03-24,with_mirrors,175
2023-03-24,without_mirrors,15
2023-03-25,with_mirrors,78
2023-03-25,without_mirrors,4
2023-03-26,with_mirrors,232
2023-03-26,without_mirrors,18
2023-03-27,with_mirrors,77
2023-03-27,without_mirrors,8
2023-03-28,with_mirrors,22
2023-03-28,without_mirrors,19
2023-03-29,with_mirrors,106
2023-03-29,without_mirrors,22
2023-03-30,with_mirrors,157
2023-03-30,without_mirrors,8
2023-03-31,with_mirrors,158
2023-03-31,without_mirrors,8
2023-04-01,with_mirrors,23
2023-04-01,without_mirrors,4
2023-04-02,with_mirrors,27
2023-04-02,without_mirrors,5
2023-04-03,with_mirrors,16
2023-04-03,without_mirrors,9
2023-04-04,with_mirrors,247
2023-04-04,without_mirrors,14
2023-04-05,with_mirrors,22
2023-04-05,without_mirrors,1
2023-04-06,with_mirrors,96
2023-04-06,without_mirrors,16
2023-04-07,with_mirrors,174
2023-04-07,without_mirrors,3
2023-04-08,with_mirrors,37
2023-04-08,without_mirrors,6
2023-04-09,with_mirrors,20
2023-04-09,without_mirrors,5
2023-04-10,with_mirrors,70
2023-04-10,without_mirrors,5
2023-04-11,with_mirrors,135
2023-04-11,without_mirrors,17
2023-04-12,with_mirrors,159
2023-04-12,without_mirrors,5
2023-04-13,with_mirrors,100
2023-04-13,without_mirrors,23
2023-04-14,with_mirrors,43
2023-04-14,without_mirrors,12
2023-04-15,with_mirrors,24
2023-04-15,without_mirrors,1
2023-04-16,with_mirrors,79
2023-04-16,without_mirrors,3
2023-04-17,with_mirrors,75
2023-04-17,without_mirrors,3
2023-04-18,with_mirrors,61
2023-04-18,without_mirrors,10
2023-04-19,with_mirrors,93
2023-04-19,without_mirrors,13
2023-04-20,with_mirrors,59
2023-04-20,without_mirrors,9
2023-04-21,with_mirrors,122
2023-04-21,without_mirrors,9
2023-04-22,with_mirrors,205
2023-04-22,without_mirrors,11
2023-04-23,with_mirrors,117
2023-04-23,without_mirrors,4
2023-04-24,with_mirrors,102
2023-04-24,without_mirrors,3
2023-04-25,with_mirrors,213
2023-04-25,without_mirrors,13
2023-04-26,with_mirrors,125
2023-04-26,without_mirrors,7
2023-04-27,with_mirrors,61
2023-04-27,without_mirrors,4
2023-04-28,with_mirrors,40
2023-04-28,without_mirrors,2
2023-04-29,with_mirrors,199
2023-04-29,without_mirrors,2
2023-04-30,with_mirrors,75
2023-04-30,without_mirrors,2
2023-05-01,with_mirrors,36
2023-05-01,without_mirrors,9
2023-05-02,with_mirrors,232
2023-05-02,without_mirrors,29
2023-05-03,with_mirrors,124
2023-05-03,without_mirrors,8
2023-05-04,with_mirrors,111
2023-05-04,without_mirrors,13
2023-05-05,with_mirrors,42
2023-05-05,without_mirrors,8
2023-05-06,with_mirrors,15
2023-05-06,without_mirrors,5
2023-05-07,with_mirrors,24
2023-05-07,without_mirrors,3
2023-05-08,with_mirrors,122
2023-05-08,without_mirrors,9
2023-05-09,with_mirrors,25
2023-05-09,without_mirrors,21
2023-05-10,with_mirrors,44
2023-05-10,without_mirrors,14
2023-05-11,with_mirrors,157
2023-05-11,without_mirrors,17
2023-05-12,with_mirrors,216
2023-05-12,without_mirrors,8
2023-05-13,with_mirrors,92
2023-05-13,without_mirrors,5
2023-05-14,with_mirrors,84
2023-05-14,without_mirrors,5
2023-05-15,with_mirrors,54
2023-05-15,without_mirrors,17
2023-05-16,with_mirrors,359
2023-05-16,without_mirrors,28
2023-05-17,with_mirrors,164
2023-05-17,without_mirrors,18
2023-05-18,with_mirrors,106
2023-05-18,without_mirrors,8
2023-05-19,with_mirrors,129
2023-05-19,without_mirrors,14
2023-05-20,with_mirrors,266
2023-05-20,without_mirrors,3
2023-05-21,with_mirrors,52
2023-05-21,without_mirrors,4
2023-05-22,with_mirrors,152
2023-05-22,without_mirrors,29
2023-05-23,with_mirrors,198
2023-05-23,without_mirrors,33
2023-05-24,with_mirrors,124
2023-05-24,without_mirrors,27
2023-05-25,with_mirrors,31
2023-05-25,without_mirrors,13
2023-05-26,with_mirrors,13
2023-05-26,without_mirrors,11
2023-05-27,with_mirrors,33
2023-05-27,without_mirrors,7
2023-05-28,with_mirrors,18
2023-05-28,without_mirrors,12
2023-05-29,with_mirrors,27
2023-05-29,without_mirrors,10
2023-05-30,with_mirrors,151
2023-05-30,without_mirrors,16
2023-05-31,with_mirrors,75
2023-05-31,without_mirrors,12
2023-06-01,with_mirrors,120
2023-06-01,without_mirrors,28
2023-06-02,with_mirrors,79
2023-06-02,without_mirrors,10
2023-06-03,with_mirrors,66
2023-06-03,without_mirrors,9
2023-06-04,with_mirrors,96
2023-06-04,without_mirrors,4
2023-06-05,with_mirrors,231
2023-06-05,without_mirrors,13
2023-06-06,with_mirrors,82
2023-06-06,without_mirrors,11
2023-06-07,with_mirrors,222
2023-06-07,without_mirrors,8
2023-06-08,with_mirrors,74
2023-06-08,without_mirrors,9
2023-06-09,with_mirrors,167
2023-06-09,without_mirrors,88
2023-06-10,with_mirrors,365
2023-06-10,without_mirrors,116
2023-06-11,with_mirrors,321
2023-06-11,without_mirrors,148
2023-06-12,with_mirrors,276
2023-06-12,without_mirrors,119
2023-06-13,with_mirrors,76
2023-06-13,without_mirrors,9
2023-06-14,with_mirrors,111
2023-06-14,without_mirrors,8
2023-06-15,with_mirrors,213
2023-06-15,without_mirrors,9
2023-06-16,with_mirrors,272
2023-06-16,without_mirrors,83
2023-06-17,with_mirrors,153
2023-06-17,without_mirrors,6
2023-06-18,with_mirrors,103
2023-06-18,without_mirrors,4
2023-06-19,with_mirrors,164
2023-06-19,without_mirrors,13
2023-06-20,with_mirrors,96
2023-06-20,without_mirrors,10
2023-06-21,with_mirrors,240
2023-06-21,without_mirrors,13
2023-06-22,with_mirrors,189
2023-06-22,without_mirrors,17
2023-06-23,with_mirrors,189
2023-06-23,without_mirrors,10
2023-06-24,with_mirrors,111
2023-06-24,without_mirrors,6
2023-06-25,with_mirrors,56
2023-06-25,without_mirrors,6
2023-06-26,with_mirrors,184
2023-06-26,without_mirrors,16
2023-06-27,with_mirrors,193
2023-06-27,without_mirrors,16
2023-06-28,with_mirrors,110
2023-06-28,without_mirrors,11
2023-06-29,with_mirrors,89
2023-06-29,without_mirrors,5
2023-06-30,with_mirrors,118
2023-06-30,without_mirrors,9
2023-07-01,with_mirrors,85
2023-07-01,without_mirrors,2
2023-07-02,with_mirrors,205
2023-07-02,without_mirrors,16
2023-07-03,with_mirrors,171
2023-07-03,without_mirrors,14
2023-07-04,with_mirrors,195
2023-07-04,without_mirrors,8
2023-07-05,with_mirrors,115
2023-07-05,without_mirrors,6
2023-07-06,with_mirrors,128
2023-07-06,without_mirrors,21
2023-07-07,with_mirrors,189
2023-07-07,without_mirrors,7
2023-07-08,with_mirrors,114
2023-07-08,without_mirrors,4
2023-07-09,with_mirrors,220
2023-07-09,without_mirrors,4
2023-07-10,with_mirrors,134
2023-07-10,without_mirrors,9
2023-07-11,with_mirrors,181
2023-07-11,without_mirrors,9
2023-07-12,with_mirrors,252
2023-07-12,without_mirrors,36
2023-07-13,with_mirrors,90
2023-07-13,without_mirrors,17
2023-07-14,with_mirrors,54
2023-07-14,without_mirrors,15
2023-07-15,with_mirrors,177
2023-07-15,without_mirrors,5
2023-07-16,with_mirrors,277
2023-07-16,without_mirrors,6
2023-07-17,with_mirrors,100
2023-07-17,without_mirrors,11
2023-07-18,with_mirrors,105
2023-07-18,without_mirrors,28
2023-07-19,with_mirrors,161
2023-07-19,without_mirrors,9
2023-07-20,with_mirrors,131
2023-07-20,without_mirrors,9
2023-07-21,with_mirrors,73
2023-07-21,without_mirrors,10
2023-07-22,with_mirrors,117
2023-07-22,without_mirrors,6
2023-07-23,with_mirrors,113
2023-07-23,without_mirrors,3
2023-07-24,with_mirrors,110
2023-07-24,without_mirrors,15
2023-07-25,with_mirrors,82
2023-07-25,without_mirrors,15
2023-07-26,with_mirrors,235
2023-07-26,without_mirrors,24
2023-07-27,with_mirrors,71
2023-07-27,without_mirrors,6
2023-07-28,with_mirrors,117
2023-07-28,without_mirrors,4
2023-07-29,with_mirrors,438
2023-07-29,without_mirrors,1
2023-07-30,with_mirrors,160
2023-07-30,without_mirrors,1
2023-07-31,with_mirrors,362
2023-07-31,without_mirrors,9
2023-08-01,with_mirrors,201
2023-08-01,without_mirrors,7
2023-08-02,with_mirrors,97
2023-08-02,without_mirrors,10
2023-08-03,with_mirrors,61
2023-08-03,without_mirrors,9
2023-08-04,with_mirrors,187
2023-08-04,without_mirrors,13
2023-08-05,with_mirrors,165
2023-08-05,without_mirrors,12
2023-08-06,with_mirrors,238
2023-08-06,without_mirrors,4
2023-08-07,with_mirrors,304
2023-08-07,without_mirrors,40
2023-08-08,with_mirrors,355
2023-08-08,without_mirrors,25
2023-08-09,with_mirrors,394
2023-08-09,without_mirrors,23
2023-08-10,with_mirrors,218
2023-08-10,without_mirrors,18
2023-08-11,with_mirrors,323
2023-08-11,without_mirrors,20
2023-08-12,with_mirrors,211
2023-08-12,without_mirrors,4
2023-08-13,with_mirrors,176
2023-08-13,without_mirrors,8
2023-08-14,with_mirrors,56
2023-08-14,without_mirrors,13
2023-08-15,with_mirrors,113
2023-08-15,without_mirrors,19
2023-08-16,with_mirrors,55
2023-08-16,without_mirrors,33
2023-08-17,with_mirrors,33
2023-08-17,without_mirrors,30
2023-08-18,with_mirrors,37
2023-08-18,without_mirrors,11
2023-08-19,with_mirrors,109
2023-08-19,without_mirrors,6
2023-08-20,with_mirrors,4
2023-08-20,without_mirrors,2
2023-08-21,with_mirrors,72
2023-08-21,without_mirrors,24
2023-08-22,with_mirrors,47
2023-08-22,without_mirrors,15
2023-08-23,with_mirrors,53
2023-08-23,without_mirrors,9
2023-08-24,with_mirrors,274
2023-08-24,without_mirrors,10
2023-08-25,with_mirrors,108
2023-08-25,without_mirrors,4
2023-08-26,with_mirrors,9
2023-08-26,without_mirrors,7
2023-08-27,with_mirrors,4
2023-08-27,without_mirrors,3
2023-08-28,with_mirrors,53
2023-08-28,without_mirrors,7
2023-08-29,with_mirrors,29
2023-08-29,without_mirrors,9
2023-08-30,with_mirrors,128
2023-08-30,without_mirrors,8
2023-08-31,with_mirrors,23
2023-08-31,without_mirrors,9
2023-09-01,with_mirrors,202
2023-09-01,without_mirrors,10
2023-09-02,with_mirrors,77
2023-09-02,without_mirrors,3
2023-09-03,with_mirrors,121
2023-09-03,without_mirrors,6
2023-09-04,with_mirrors,77
2023-09-04,without_mirrors,12
2023-09-05,with_mirrors,92
2023-09-05,without_mirrors,5
2023-09-06,with_mirrors,172
2023-09-06,without_mirrors,16
2023-09-07,with_mirrors,70
2023-09-07,without_mirrors,10
2023-09-08,with_mirrors,147
2023-09-08,without_mirrors,4
2023-09-09,with_mirrors,130
2023-09-09,without_mirrors,5
2023-09-10,with_mirrors,239
2023-09-10,without_mirrors,2
2023-09-11,with_mirrors,34
2023-09-11,without_mirrors,11
2023-09-12,with_mirrors,79
2023-09-12,without_mirrors,6
2023-09-13,with_mirrors,51
2023-09-13,without_mirrors,9
2023-09-14,with_mirrors,74
2023-09-14,without_mirrors,47
2023-09-15,with_mirrors,60
2023-09-15,without_mirrors,5
2023-09-16,with_mirrors,3
2023-09-16,without_mirrors,1
2023-09-17,with_mirrors,33
2023-09-17,without_mirrors,10
2023-09-18,with_mirrors,80
2023-09-18,without_mirrors,21
2023-09-19,with_mirrors,73
2023-09-19,without_mirrors,50
2023-09-20,with_mirrors,114
2023-09-20,without_mirrors,16
2023-09-21,with_mirrors,66
2023-09-21,without_mirrors,19
2023-09-22,with_mirrors,59
2023-09-22,without_mirrors,10
2023-09-23,with_mirrors,232
2023-09-23,without_mirrors,10
2023-09-24,with_mirrors,121
2023-09-24,without_mirrors,14
2023-09-25,with_mirrors,205
2023-09-25,without_mirrors,18
2023-09-26,with_mirrors,56
2023-09-26,without_mirrors,15
2023-09-27,with_mirrors,66
2023-09-27,without_mirrors,12
2023-09-28,with_mirrors,49
2023-09-28,without_mirrors,14
2023-09-29,with_mirrors,32
2023-09-29,without_mirrors,12
2023-09-30,with_mirrors,17
2023-09-30,without_mirrors,8
2023-10-01,with_mirrors,20
2023-10-01,without_mirrors,3
2023-10-02,with_mirrors,65
2023-10-02,without_mirrors,18
2023-10-03,with_mirrors,217
2023-10-03,without_mirrors,32
2023-10-04,with_mirrors,39
2023-10-04,without_mirrors,9
2023-10-05,with_mirrors,29
2023-10-05,without_mirrors,14
2023-10-06,with_mirrors,30
2023-10-06,without_mirrors,17
2023-10-07,with_mirrors,103
2023-10-07,without_mirrors,9
2023-10-08,with_mirrors,179
2023-10-08,without_mirrors,5
2023-10-09,with_mirrors,38
2023-10-09,without_mirrors,15
2023-10-10,with_mirrors,122
2023-10-10,without_mirrors,25
2023-10-11,with_mirrors,38
2023-10-11,without_mirrors,19
2023-10-12,with_mirrors,39
2023-10-12,without_mirrors,28
2023-10-13,with_mirrors,29
2023-10-13,without_mirrors,15
2023-10-14,with_mirrors,35
2023-10-14,without_mirrors,17
2023-10-15,with_mirrors,23
2023-10-15,without_mirrors,7
2023-10-16,with_mirrors,60
2023-10-16,without_mirrors,28
2023-10-17,with_mirrors,46
2023-10-17,without_mirrors,15
2023-10-18,with_mirrors,82
2023-10-18,without_mirrors,13
2023-10-19,with_mirrors,22
2023-10-19,without_mirrors,20
2023-10-20,with_mirrors,125
2023-10-20,without_mirrors,18
2023-10-21,with_mirrors,24
2023-10-21,without_mirrors,8
2023-10-22,with_mirrors,17
2023-10-22,without_mirrors,6
2023-10-23,with_mirrors,29
2023-10-23,without_mirrors,23
2023-10-24,with_mirrors,117
2023-10-24,without_mirrors,15
2023-10-25,with_mirrors,147
2023-10-25,without_mirrors,16
2023-10-26,with_mirrors,126
2023-10-26,without_mirrors,35
2023-10-27,with_mirrors,194
2023-10-27,without_mirrors,10
2023-10-28,with_mirrors,115
2023-10-28,without_mirrors,5
2023-10-29,with_mirrors,108
2023-10-29,without_mirrors,5
2023-10-30,with_mirrors,143
2023-10-30,without_mirrors,21
2023-10-31,with_mirrors,220
2023-10-31,without_mirrors,8
2023-11-01,with_mirrors,41
2023-11-01,without_mirrors,10
2023-11-02,with_mirrors,110
2023-11-02,without_mirrors,21
2023-11-03,with_mirrors,103
2023-11-03,without_mirrors,12
2023-11-04,with_mirrors,18
2023-11-04,without_mirrors,4
2023-11-05,with_mirrors,24
2023-11-05,without_mirrors,12
2023-11-06,with_mirrors,68
2023-11-06,without_mirrors,21
2023-11-07,with_mirrors,125
2023-11-07,without_mirrors,16
2023-11-08,with_mirrors,20
2023-11-08,without_mirrors,7
2023-11-09,with_mirrors,20
2023-11-09,without_mirrors,18
2023-11-10,with_mirrors,44
2023-11-10,without_mirrors,26
2023-11-11,with_mirrors,19
2023-11-11,without_mirrors,11
2023-11-12,with_mirrors,246
2023-11-12,without_mirrors,35
2023-11-13,with_mirrors,161
2023-11-13,without_mirrors,25
2023-11-14,with_mirrors,81
2023-11-14,without_mirrors,27
2023-11-15,with_mirrors,140
2023-11-15,without_mirrors,21
2023-11-16,with_mirrors,145
2023-11-16,without_mirrors,27
2023-11-17,with_mirrors,63
2023-11-17,without_mirrors,15
2023-11-18,with_mirrors,137
2023-11-18,without_mirrors,12
2023-11-19,with_mirrors,49
2023-11-19,without_mirrors,13
2023-11-20,with_mirrors,90
2023-11-20,without_mirrors,36
2023-11-21,with_mirrors,180
2023-11-21,without_mirrors,43
2023-11-22,with_mirrors,48
2023-11-22,without_mirrors,11
2023-11-23,with_mirrors,33
2023-11-23,without_mirrors,15
2023-11-24,with_mirrors,20
2023-11-24,without_mirrors,16
2023-11-25,with_mirrors,29
2023-11-25,without_mirrors,4
2023-11-26,with_mirrors,138
2023-11-26,without_mirrors,6
2023-11-27,with_mirrors,142
2023-11-27,without_mirrors,20
2023-11-28,with_mirrors,58
2023-11-28,without_mirrors,30
2023-11-29,with_mirrors,206
2023-11-29,without_mirrors,16
2023-11-30,with_mirrors,44
2023-11-30,without_mirrors,19
2023-12-01,with_mirrors,125
2023-12-01,without_mirrors,15
2023-12-02,with_mirrors,58
2023-12-02,without_mirrors,40
2023-12-03,with_mirrors,18
2023-12-03,without_mirrors,8
2023-12-04,with_mirrors,28
2023-12-04,without_mirrors,11
2023-12-05,with_mirrors,163
2023-12-05,without_mirrors,19
2023-12-06,with_mirrors,142
2023-12-06,without_mirrors,12
2023-12-07,with_mirrors,59
2023-12-07,without_mirrors,19
2023-12-08,with_mirrors,60
2023-12-08,without_mirrors,27
2023-12-09,with_mirrors,37
2023-12-09,without_mirrors,19
2023-12-10,with_mirrors,27
2023-12-10,without_mirrors,16
2023-12-11,with_mirrors,33
2023-12-11,without_mirrors,28
2023-12-12,with_mirrors,56
2023-12-12,without_mirrors,36
2023-12-13,with_mirrors,158
2023-12-13,without_mirrors,20
2023-12-14,with_mirrors,141
2023-12-14,without_mirrors,44
2023-12-15,with_mirrors,37
2023-12-15,without_mirrors,11
2023-12-16,with_mirrors,18
2023-12-16,without_mirrors,4
2023-12-17,with_mirrors,94
2023-12-17,without_mirrors,7
2023-12-18,with_mirrors,16
2023-12-18,without_mirrors,11
2023-12-19,with_mirrors,24
2023-12-19,without_mirrors,20
2023-12-20,with_mirrors,103
2023-12-20,without_mirrors,14
2023-12-21,with_mirrors,241
2023-12-21,without_mirrors,24
2023-12-22,with_mirrors,20
2023-12-22,without_mirrors,16
2023-12-23,with_mirrors,98
2023-12-23,without_mirrors,10
2023-12-24,with_mirrors,24
2023-12-24,without_mirrors,12
2023-12-25,with_mirrors,71
2023-12-25,without_mirrors,20
2023-12-26,with_mirrors,22
2023-12-26,without_mirrors,8
2023-12-27,with_mirrors,63
2023-12-27,without_mirrors,40
2023-12-28,with_mirrors,29
2023-12-28,without_mirrors,7
2023-12-29,with_mirrors,5
2023-12-29,without_mirrors,5
2023-12-30,with_mirrors,204
2023-12-30,without_mirrors,5
2023-12-31,with_mirrors,15
2023-12-31,without_mirrors,7
2024-01-01,with_mirrors,6
2024-01-01,without_mirrors,6
2024-01-02,with_mirrors,14
2024-01-02,without_mirrors,12
2024-01-03,with_mirrors,38
2024-01-03,without_mirrors,23
2024-01-04,with_mirrors,97
2024-01-04,without_mirrors,17
2024-01-05,with_mirrors,179
2024-01-05,without_mirrors,19
2024-01-06,with_mirrors,8
2024-01-06,without_mirrors,3
2024-01-07,with_mirrors,70
2024-01-07,without_mirrors,7
2024-01-08,with_mirrors,32
2024-01-08,without_mirrors,26
2024-01-09,with_mirrors,76
2024-01-09,without_mirrors,15
2024-01-10,with_mirrors,38
2024-01-10,without_mirrors,16
2024-01-11,with_mirrors,36
2024-01-11,without_mirrors,10
2024-01-12,with_mirrors,81
2024-01-12,without_mirrors,8
2024-01-13,with_mirrors,107
2024-01-13,without_mirrors,36
2024-01-14,with_mirrors,12
2024-01-14,without_mirrors,3
2024-01-15,with_mirrors,46
2024-01-15,without_mirrors,31
2024-01-16,with_mirrors,21
2024-01-16,without_mirrors,19
2024-01-17,with_mirrors,11
2024-01-17,without_mirrors,9
2024-01-18,with_mirrors,102
2024-01-18,without_mirrors,13
2024-01-19,with_mirrors,95
2024-01-19,without_mirrors,8
2024-01-20,with_mirrors,26
2024-01-20,without_mirrors,15
2024-01-21,with_mirrors,22
2024-01-21,without_mirrors,11
2024-01-22,with_mirrors,146
2024-01-22,without_mirrors,31
2024-01-23,with_mirrors,245
2024-01-23,without_mirrors,25
2024-01-24,with_mirrors,29
2024-01-24,without_mirrors,16
2024-01-25,with_mirrors,48
2024-01-25,without_mirrors,28
2024-01-26,with_mirrors,276
2024-01-26,without_mirrors,17
2024-01-27,with_mirrors,118
2024-01-27,without_mirrors,8
2024-01-28,with_mirrors,43
2024-01-28,without_mirrors,10
2024-01-29,with_mirrors,48
2024-01-29,without_mirrors,17
2024-01-30,with_mirrors,107
2024-01-30,without_mirrors,22
2024-01-31,with_mirrors,59
2024-01-31,without_mirrors,27
2024-02-01,with_mirrors,272
2024-02-01,without_mirrors,41
2024-02-02,with_mirrors,159
2024-02-02,without_mirrors,31
2024-02-03,with_mirrors,202
2024-02-03,without_mirrors,92
2024-02-04,with_mirrors,97
2024-02-04,without_mirrors,4
2024-02-05,with_mirrors,26
2024-02-05,without_mirrors,14
2024-02-06,with_mirrors,27
2024-02-06,without_mirrors,15
2024-02-07,with_mirrors,136
2024-02-07,without_mirrors,21
2024-02-08,with_mirrors,333
2024-02-08,without_mirrors,109
2024-02-09,with_mirrors,31
2024-02-09,without_mirrors,29
2024-02-10,with_mirrors,99
2024-02-10,without_mirrors,6
2024-02-11,with_mirrors,11
2024-02-11,without_mirrors,2
2024-02-12,with_mirrors,136
2024-02-12,without_mirrors,23
2024-02-13,with_mirrors,15
2024-02-13,without_mirrors,9
2024-02-14,with_mirrors,136
2024-02-14,without_mirrors,37
2024-02-15,with_mirrors,129
2024-02-15,without_mirrors,16
2024-02-16,with_mirrors,107
2024-02-16,without_mirrors,7
2024-02-17,with_mirrors,15
2024-02-17,without_mirrors,1
2024-02-18,with_mirrors,15
2024-02-18,without_mirrors,6
2024-02-19,with_mirrors,286
2024-02-19,without_mirrors,15
2024-02-20,with_mirrors,127
2024-02-20,without_mirrors,17
2024-02-21,with_mirrors,80
2024-02-21,without_mirrors,47
2024-02-22,with_mirrors,67
2024-02-22,without_mirrors,53
2024-02-23,with_mirrors,130
2024-02-23,without_mirrors,12
2024-02-24,with_mirrors,17
2024-02-24,without_mirrors,6
2024-02-25,with_mirrors,17
2024-02-25,without_mirrors,4
2024-02-26,with_mirrors,117
2024-02-26,without_mirrors,12
2024-02-27,with_mirrors,119
2024-02-27,without_mirrors,8
2024-02-28,with_mirrors,167
2024-02-28,without_mirrors,11
2024-02-29,with_mirrors,101
2024-02-29,without_mirrors,7
2024-03-01,with_mirrors,30
2024-03-01,without_mirrors,8
2024-03-02,with_mirrors,143
2024-03-02,without_mirrors,10
2024-03-03,with_mirrors,8
2024-03-03,without_mirrors,3
2024-03-04,with_mirrors,21
2024-03-04,without_mirrors,18
2024-03-05,with_mirrors,252
2024-03-05,without_mirrors,27
2024-03-06,with_mirrors,69
2024-03-06,without_mirrors,43
2024-03-07,with_mirrors,31
2024-03-07,without_mirrors,27
2024-03-08,with_mirrors,15
2024-03-08,without_mirrors,10
2024-03-09,with_mirrors,94
2024-03-09,without_mirrors,4
2024-03-10,with_mirrors,81
2024-03-10,without_mirrors,1
2024-03-11,with_mirrors,46
2024-03-11,without_mirrors,39
2024-03-12,with_mirrors,136
2024-03-12,without_mirrors,45
2024-03-13,with_mirrors,27
2024-03-13,without_mirrors,9
2024-03-14,with_mirrors,27
2024-03-14,without_mirrors,12
2024-03-15,with_mirrors,42
2024-03-15,without_mirrors,13
2024-03-16,with_mirrors,27
2024-03-16,without_mirrors,2
2024-03-17,with_mirrors,18
2024-03-17,without_mirrors,12
2024-03-18,with_mirrors,51
2024-03-18,without_mirrors,25
2024-03-19,with_mirrors,19
2024-03-19,without_mirrors,7
2024-03-20,with_mirrors,137
2024-03-20,without_mirrors,32
2024-03-21,with_mirrors,115
2024-03-21,without_mirrors,20
2024-03-22,with_mirrors,75
2024-03-22,without_mirrors,46
2024-03-23,with_mirrors,66
2024-03-23,without_mirrors,54
2024-03-24,with_mirrors,113
2024-03-24,without_mirrors,66
2024-03-25,with_mirrors,136
2024-03-25,without_mirrors,96
2024-03-26,with_mirrors,217
2024-03-26,without_mirrors,164
2024-03-27,with_mirrors,254
2024-03-27,without_mirrors,141
2024-03-28,with_mirrors,326
2024-03-28,without_mirrors,131
2024-03-29,with_mirrors,107
2024-03-29,without_mirrors,90
2024-03-30,with_mirrors,66
2024-03-30,without_mirrors,66
2024-03-31,with_mirrors,95
2024-03-31,without_mirrors,88
2024-04-01,with_mirrors,120
2024-04-01,without_mirrors,94
2024-04-02,with_mirrors,100
2024-04-02,without_mirrors,98
2024-04-03,with_mirrors,157
2024-04-03,without_mirrors,100
2024-04-04,with_mirrors,112
2024-04-04,without_mirrors,101
2024-04-05,with_mirrors,233
2024-04-05,without_mirrors,140
2024-04-06,with_mirrors,67
2024-04-06,without_mirrors,67
2024-04-07,with_mirrors,130
2024-04-07,without_mirrors,40
2024-04-08,with_mirrors,279
2024-04-08,without_mirrors,92
2024-04-09,with_mirrors,122
2024-04-09,without_mirrors,119
2024-04-10,with_mirrors,251
2024-04-10,without_mirrors,247
2024-04-11,with_mirrors,271
2024-04-11,without_mirrors,189
2024-04-12,with_mirrors,190
2024-04-12,without_mirrors,181
2024-04-13,with_mirrors,45
2024-04-13,without_mirrors,42
2024-04-14,with_mirrors,167
2024-04-14,without_mirrors,77
2024-04-15,with_mirrors,230
2024-04-15,without_mirrors,225
2024-04-16,with_mirrors,204
2024-04-16,without_mirrors,200
2024-04-17,with_mirrors,350
2024-04-17,without_mirrors,212
2024-04-18,with_mirrors,273
2024-04-18,without_mirrors,183
2024-04-19,with_mirrors,234
2024-04-19,without_mirrors,121
2024-04-20,with_mirrors,43
2024-04-20,without_mirrors,42
2024-04-21,with_mirrors,154
2024-04-21,without_mirrors,51
2024-04-22,with_mirrors,202
2024-04-22,without_mirrors,143
2024-04-23,with_mirrors,226
2024-04-23,without_mirrors,201
2024-04-24,with_mirrors,206
2024-04-24,without_mirrors,113
2024-04-25,with_mirrors,134
2024-04-25,without_mirrors,102
2024-04-26,with_mirrors,143
2024-04-26,without_mirrors,138
2024-04-27,with_mirrors,156
2024-04-27,without_mirrors,67
2024-04-28,with_mirrors,156
2024-04-28,without_mirrors,67
2024-04-29,with_mirrors,179
2024-04-29,without_mirrors,136
2024-04-30,with_mirrors,344
2024-04-30,without_mirrors,341
2024-05-01,with_mirrors,262
2024-05-01,without_mirrors,147
2024-05-02,with_mirrors,116
2024-05-02,without_mirrors,113
2024-05-03,with_mirrors,221
2024-05-03,without_mirrors,125
2024-05-04,with_mirrors,240
2024-05-04,without_mirrors,60
2024-05-05,with_mirrors,222
2024-05-05,without_mirrors,118
2024-05-06,with_mirrors,154
2024-05-06,without_mirrors,150
2024-05-07,with_mirrors,199
2024-05-07,without_mirrors,105
2024-05-08,with_mirrors,137
2024-05-08,without_mirrors,132
2024-05-09,with_mirrors,187
2024-05-09,without_mirrors,120
2024-05-10,with_mirrors,169
2024-05-10,without_mirrors,59
2024-05-11,with_mirrors,142
2024-05-11,without_mirrors,59
2024-05-12,with_mirrors,147
2024-05-12,without_mirrors,100
2024-05-13,with_mirrors,175
2024-05-13,without_mirrors,115
2024-05-14,with_mirrors,180
2024-05-14,without_mirrors,177
2024-05-15,with_mirrors,419
2024-05-15,without_mirrors,238
2024-05-16,with_mirrors,279
2024-05-16,without_mirrors,179
2024-05-17,with_mirrors,204
2024-05-17,without_mirrors,169
2024-05-18,with_mirrors,111
2024-05-18,without_mirrors,91
2024-05-19,with_mirrors,167
2024-05-19,without_mirrors,63
2024-05-20,with_mirrors,132
2024-05-20,without_mirrors,88
2024-05-21,with_mirrors,182
2024-05-21,without_mirrors,180
2024-05-22,with_mirrors,142
2024-05-22,without_mirrors,134
2024-05-23,with_mirrors,122
2024-05-23,without_mirrors,120
2024-05-24,with_mirrors,149
2024-05-24,without_mirrors,131
2024-05-25,with_mirrors,74
2024-05-25,without_mirrors,71
2024-05-26,with_mirrors,77
2024-05-26,without_mirrors,76
2024-05-27,with_mirrors,151
2024-05-27,without_mirrors,146
2024-05-28,with_mirrors,166
2024-05-28,without_mirrors,155
2024-05-29,with_mirrors,118
2024-05-29,without_mirrors,116
2024-05-30,with_mirrors,319
2024-05-30,without_mirrors,143
2024-05-31,with_mirrors,134
2024-05-31,without_mirrors,110
2024-06-01,with_mirrors,158
2024-06-01,without_mirrors,45
2024-06-02,with_mirrors,245
2024-06-02,without_mirrors,53
2024-06-03,with_mirrors,322
2024-06-03,without_mirrors,174
2024-06-04,with_mirrors,247
2024-06-04,without_mirrors,221
2024-06-05,with_mirrors,146
2024-06-05,without_mirrors,124
2024-06-06,with_mirrors,135
2024-06-06,without_mirrors,114
2024-06-07,with_mirrors,231
2024-06-07,without_mirrors,210
2024-06-08,with_mirrors,235
2024-06-08,without_mirrors,136
2024-06-09,with_mirrors,142
2024-06-09,without_mirrors,131
2024-06-10,with_mirrors,155
2024-06-10,without_mirrors,138
2024-06-11,with_mirrors,234
2024-06-11,without_mirrors,160
2024-06-12,with_mirrors,231
2024-06-12,without_mirrors,216
2024-06-13,with_mirrors,205
2024-06-13,without_mirrors,186
2024-06-14,with_mirrors,414
2024-06-14,without_mirrors,251
2024-06-15,with_mirrors,75
2024-06-15,without_mirrors,51
2024-06-16,with_mirrors,92
2024-06-16,without_mirrors,85
2024-06-17,with_mirrors,207
2024-06-17,without_mirrors,205
2024-06-18,with_mirrors,313
2024-06-18,without_mirrors,310
2024-06-19,with_mirrors,219
2024-06-19,without_mirrors,209
2024-06-20,with_mirrors,246
2024-06-20,without_mirrors,146
2024-06-21,with_mirrors,194
2024-06-21,without_mirrors,151
2024-06-22,with_mirrors,207
2024-06-22,without_mirrors,110
2024-06-23,with_mirrors,103
2024-06-23,without_mirrors,86
2024-06-24,with_mirrors,269
2024-06-24,without_mirrors,167
2024-06-25,with_mirrors,264
2024-06-25,without_mirrors,248
2024-06-26,with_mirrors,254
2024-06-26,without_mirrors,245
2024-06-27,with_mirrors,179
2024-06-27,without_mirrors,170
2024-06-28,with_mirrors,138
2024-06-28,without_mirrors,109
2024-06-29,with_mirrors,73
2024-06-29,without_mirrors,55
2024-06-30,with_mirrors,97
2024-06-30,without_mirrors,85
2024-07-01,with_mirrors,141
2024-07-01,without_mirrors,124
2024-07-02,with_mirrors,397
2024-07-02,without_mirrors,164
2024-07-03,with_mirrors,394
2024-07-03,without_mirrors,182
2024-07-04,with_mirrors,112
2024-07-04,without_mirrors,109
2024-07-05,with_mirrors,244
2024-07-05,without_mirrors,148
2024-07-06,with_mirrors,166
2024-07-06,without_mirrors,59
2024-07-07,with_mirrors,115
2024-07-07,without_mirrors,105
2024-07-08,with_mirrors,300
2024-07-08,without_mirrors,200
2024-07-09,with_mirrors,174
2024-07-09,without_mirrors,130
2024-07-10,with_mirrors,319
2024-07-10,without_mirrors,122
2024-07-11,with_mirrors,215
2024-07-11,without_mirrors,203
2024-07-12,with_mirrors,157
2024-07-12,without_mirrors,152
2024-07-13,with_mirrors,250
2024-07-13,without_mirrors,50
2024-07-14,with_mirrors,114
2024-07-14,without_mirrors,97
2024-07-15,with_mirrors,236
2024-07-15,without_mirrors,225
2024-07-16,with_mirrors,207
2024-07-16,without_mirrors,204
2024-07-17,with_mirrors,417
2024-07-17,without_mirrors,314
2024-07-18,with_mirrors,320
2024-07-18,without_mirrors,250
2024-07-19,with_mirrors,247
2024-07-19,without_mirrors,153
2024-07-20,with_mirrors,156
2024-07-20,without_mirrors,61
2024-07-21,with_mirrors,93
2024-07-21,without_mirrors,69
2024-07-22,with_mirrors,347
2024-07-22,without_mirrors,338
2024-07-23,with_mirrors,472
2024-07-23,without_mirrors,296
2024-07-24,with_mirrors,294
2024-07-24,without_mirrors,192
2024-07-25,with_mirrors,251
2024-07-25,without_mirrors,233
2024-07-26,with_mirrors,140
2024-07-26,without_mirrors,125
2024-07-27,with_mirrors,79
2024-07-27,without_mirrors,66
2024-07-28,with_mirrors,65
2024-07-28,without_mirrors,63
2024-07-29,with_mirrors,167
2024-07-29,without_mirrors,159
2024-07-30,with_mirrors,291
2024-07-30,without_mirrors,169
2024-07-31,with_mirrors,384
2024-07-31,without_mirrors,190
2024-08-01,with_mirrors,146
2024-08-01,without_mirrors,136
2024-08-02,with_mirrors,255
2024-08-02,without_mirrors,161
2024-08-03,with_mirrors,58
2024-08-03,without_mirrors,57
2024-08-04,with_mirrors,95
2024-08-04,without_mirrors,91
2024-08-05,with_mirrors,205
2024-08-05,without_mirrors,191
2024-08-06,with_mirrors,261
2024-08-06,without_mirrors,181
2024-08-07,with_mirrors,210
2024-08-07,without_mirrors,183
2024-08-08,with_mirrors,194
2024-08-08,without_mirrors,171
2024-08-09,with_mirrors,149
2024-08-09,without_mirrors,135
2024-08-10,with_mirrors,87
2024-08-10,without_mirrors,81
2024-08-11,with_mirrors,142
2024-08-11,without_mirrors,92
2024-08-12,with_mirrors,271
2024-08-12,without_mirrors,260
2024-08-13,with_mirrors,266
2024-08-13,without_mirrors,151
2024-08-14,with_mirrors,207
2024-08-14,without_mirrors,198
2024-08-15,with_mirrors,141
2024-08-15,without_mirrors,138
2024-08-16,with_mirrors,216
2024-08-16,without_mirrors,119
2024-08-17,with_mirrors,349
2024-08-17,without_mirrors,65
2024-08-18,with_mirrors,259
2024-08-18,without_mirrors,71
2024-08-19,with_mirrors,240
2024-08-19,without_mirrors,179
2024-08-20,with_mirrors,210
2024-08-20,without_mirrors,190
2024-08-21,with_mirrors,212
2024-08-21,without_mirrors,162
2024-08-22,with_mirrors,174
2024-08-22,without_mirrors,165
2024-08-23,with_mirrors,196
2024-08-23,without_mirrors,179
2024-08-24,with_mirrors,86
2024-08-24,without_mirrors,86
2024-08-25,with_mirrors,252
2024-08-25,without_mirrors,159
2024-08-26,with_mirrors,206
2024-08-26,without_mirrors,201
2024-08-27,with_mirrors,204
2024-08-27,without_mirrors,202
2024-08-28,with_mirrors,372
2024-08-28,without_mirrors,369
2024-08-29,with_mirrors,236
2024-08-29,without_mirrors,234
2024-08-30,with_mirrors,330
2024-08-30,without_mirrors,217
2024-08-31,with_mirrors,88
2024-08-31,without_mirrors,81
2024-09-01,with_mirrors,79
2024-09-01,without_mirrors,75
2024-09-02,with_mirrors,230
2024-09-02,without_mirrors,128
2024-09-03,with_mirrors,192
2024-09-03,without_mirrors,189
2024-09-04,with_mirrors,434
2024-09-04,without_mirrors,337
2024-09-05,with_mirrors,244
2024-09-05,without_mirrors,241
2024-09-06,with_mirrors,360
2024-09-06,without_mirrors,168
2024-09-07,with_mirrors,106
2024-09-07,without_mirrors,103
2024-09-08,with_mirrors,177
2024-09-08,without_mirrors,64
2024-09-09,with_mirrors,352
2024-09-09,without_mirrors,263
2024-09-10,with_mirrors,213
2024-09-10,without_mirrors,191
2024-09-11,with_mirrors,162
2024-09-11,without_mirrors,159
2024-09-12,with_mirrors,267
2024-09-12,without_mirrors,166
2024-09-13,with_mirrors,272
2024-09-13,without_mirrors,182
2024-09-14,with_mirrors,342
2024-09-14,without_mirrors,77
2024-09-15,with_mirrors,112
2024-09-15,without_mirrors,95
2024-09-16,with_mirrors,472
2024-09-16,without_mirrors,372
2024-09-17,with_mirrors,299
2024-09-17,without_mirrors,203
2024-09-18,with_mirrors,163
2024-09-18,without_mirrors,155
2024-09-19,with_mirrors,188
2024-09-19,without_mirrors,172
2024-09-20,with_mirrors,199
2024-09-20,without_mirrors,194
2024-09-21,with_mirrors,143
2024-09-21,without_mirrors,48
2024-09-22,with_mirrors,86
2024-09-22,without_mirrors,59
2024-09-23,with_mirrors,255
2024-09-23,without_mirrors,154
2024-09-24,with_mirrors,253
2024-09-24,without_mirrors,195
2024-09-25,with_mirrors,226
2024-09-25,without_mirrors,214
2024-09-26,with_mirrors,601
2024-09-26,without_mirrors,249
2024-09-27,with_mirrors,345
2024-09-27,without_mirrors,257
2024-09-28,with_mirrors,192
2024-09-28,without_mirrors,75
2024-09-29,with_mirrors,355
2024-09-29,without_mirrors,153
2024-09-30,with_mirrors,262
2024-09-30,without_mirrors,217
2024-10-01,with_mirrors,205
2024-10-01,without_mirrors,180
2024-10-02,with_mirrors,314
2024-10-02,without_mirrors,208
2024-10-03,with_mirrors,279
2024-10-03,without_mirrors,177
2024-10-04,with_mirrors,336
2024-10-04,without_mirrors,219
2024-10-05,with_mirrors,205
2024-10-05,without_mirrors,97
2024-10-06,with_mirrors,394
2024-10-06,without_mirrors,110
2024-10-07,with_mirrors,432
2024-10-07,without_mirrors,206
2024-10-08,with_mirrors,659
2024-10-08,without_mirrors,265
2024-10-09,with_mirrors,713
2024-10-09,without_mirrors,232
2024-10-10,with_mirrors,459
2024-10-10,without_mirrors,158
2024-10-11,with_mirrors,377
2024-10-11,without_mirrors,122
2024-10-12,with_mirrors,292
2024-10-12,without_mirrors,85
2024-10-13,with_mirrors,251
2024-10-13,without_mirrors,145
2024-10-14,with_mirrors,243
2024-10-14,without_mirrors,233
2024-10-15,with_mirrors,379
2024-10-15,without_mirrors,278
2024-10-16,with_mirrors,276
2024-10-16,without_mirrors,166
2024-10-17,with_mirrors,353
2024-10-17,without_mirrors,165
2024-10-18,with_mirrors,435
2024-10-18,without_mirrors,226
2024-10-19,with_mirrors,481
2024-10-19,without_mirrors,109
2024-10-20,with_mirrors,358
2024-10-20,without_mirrors,135
2024-10-21,with_mirrors,317
2024-10-21,without_mirrors,193
2024-10-22,with_mirrors,329
2024-10-22,without_mirrors,220
2024-10-23,with_mirrors,629
2024-10-23,without_mirrors,324
2024-10-24,with_mirrors,523
2024-10-24,without_mirrors,201
2024-10-25,with_mirrors,479
2024-10-25,without_mirrors,182
2024-10-26,with_mirrors,221
2024-10-26,without_mirrors,71
2024-10-27,with_mirrors,239
2024-10-27,without_mirrors,234
2024-10-28,with_mirrors,492
2024-10-28,without_mirrors,369
2024-10-29,with_mirrors,286
2024-10-29,without_mirrors,275
2024-10-30,with_mirrors,240
2024-10-30,without_mirrors,227
2024-10-31,with_mirrors,190
2024-10-31,without_mirrors,182
2024-11-01,with_mirrors,176
2024-11-01,without_mirrors,162
2024-11-02,with_mirrors,190
2024-11-02,without_mirrors,77
2024-11-03,with_mirrors,239
2024-11-03,without_mirrors,101
2024-11-04,with_mirrors,218
2024-11-04,without_mirrors,170
2024-11-05,with_mirrors,343
2024-11-05,without_mirrors,238
2024-11-06,with_mirrors,354
2024-11-06,without_mirrors,250
2024-11-07,with_mirrors,259
2024-11-07,without_mirrors,229
2024-11-08,with_mirrors,334
2024-11-08,without_mirrors,182
2024-11-09,with_mirrors,118
2024-11-09,without_mirrors,102
2024-11-10,with_mirrors,430
2024-11-10,without_mirrors,168
2024-11-11,with_mirrors,318
2024-11-11,without_mirrors,212
2024-11-12,with_mirrors,586
2024-11-12,without_mirrors,305
2024-11-13,with_mirrors,498
2024-11-13,without_mirrors,364
2024-11-14,with_mirrors,578
2024-11-14,without_mirrors,434
2024-11-15,with_mirrors,428
2024-11-15,without_mirrors,236
2024-11-16,with_mirrors,93
2024-11-16,without_mirrors,79
2024-11-17,with_mirrors,392
2024-11-17,without_mirrors,147
2024-11-18,with_mirrors,397
2024-11-18,without_mirrors,297
2024-11-19,with_mirrors,487
2024-11-19,without_mirrors,288
2024-11-20,with_mirrors,392
2024-11-20,without_mirrors,297
2024-11-21,with_mirrors,283
2024-11-21,without_mirrors,258
2024-11-22,with_mirrors,329
2024-11-22,without_mirrors,296
2024-11-23,with_mirrors,294
2024-11-23,without_mirrors,175
2024-11-24,with_mirrors,132
2024-11-24,without_mirrors,127
2024-11-25,with_mirrors,336
2024-11-25,without_mirrors,300
2024-11-26,with_mirrors,269
2024-11-26,without_mirrors,185
2024-11-27,with_mirrors,325
2024-11-27,without_mirrors,202
2024-11-28,with_mirrors,187
2024-11-28,without_mirrors,173
2024-11-29,with_mirrors,119
2024-11-29,without_mirrors,110
2024-11-30,with_mirrors,112
2024-11-30,without_mirrors,109
2024-12-01,with_mirrors,226
2024-12-01,without_mirrors,127
2024-12-02,with_mirrors,292
2024-12-02,without_mirrors,261
2024-12-03,with_mirrors,257
2024-12-03,without_mirrors,237
2024-12-04,with_mirrors,184
2024-12-04,without_mirrors,170
2024-12-05,with_mirrors,331
2024-12-05,without_mirrors,202
2024-12-06,with_mirrors,179
2024-12-06,without_mirrors,147
2024-12-07,with_mirrors,281
2024-12-07,without_mirrors,177
2024-12-08,with_mirrors,129
2024-12-08,without_mirrors,81
2024-12-09,with_mirrors,500
2024-12-09,without_mirrors,212
2024-12-10,with_mirrors,627
2024-12-10,without_mirrors,216
2024-12-11,with_mirrors,292
2024-12-11,without_mirrors,185
2024-12-12,with_mirrors,345
2024-12-12,without_mirrors,239
2024-12-13,with_mirrors,401
2024-12-13,without_mirrors,202
2024-12-14,with_mirrors,425
2024-12-14,without_mirrors,88
2024-12-15,with_mirrors,201
2024-12-15,without_mirrors,104
2024-12-16,with_mirrors,412
2024-12-16,without_mirrors,220
2024-12-17,with_mirrors,306
2024-12-17,without_mirrors,112
2024-12-18,with_mirrors,303
2024-12-18,without_mirrors,184
2024-12-19,with_mirrors,375
2024-12-19,without_mirrors,184
2024-12-20,with_mirrors,292
2024-12-20,without_mirrors,98
2024-12-21,with_mirrors,104
2024-12-21,without_mirrors,94
2024-12-22,with_mirrors,195
2024-12-22,without_mirrors,76
2024-12-23,with_mirrors,466
2024-12-23,without_mirrors,267
2024-12-24,with_mirrors,61
2024-12-24,without_mirrors,61
2024-12-25,with_mirrors,58
2024-12-25,without_mirrors,57
2024-12-26,with_mirrors,168
2024-12-26,without_mirrors,71
2024-12-27,with_mirrors,197
2024-12-27,without_mirrors,63
2024-12-28,with_mirrors,211
2024-12-28,without_mirrors,68
2024-12-29,with_mirrors,122
2024-12-29,without_mirrors,92
2024-12-30,with_mirrors,111
2024-12-30,without_mirrors,95
2024-12-31,with_mirrors,175
2024-12-31,without_mirrors,54
2025-01-01,with_mirrors,97
2025-01-01,without_mirrors,41
2025-01-02,with_mirrors,117
2025-01-02,without_mirrors,114
2025-01-03,with_mirrors,136
2025-01-03,without_mirrors,95
2025-01-04,with_mirrors,61
2025-01-04,without_mirrors,58
2025-01-05,with_mirrors,192
2025-01-05,without_mirrors,96
2025-01-06,with_mirrors,268
2025-01-06,without_mirrors,205
2025-01-07,with_mirrors,321
2025-01-07,without_mirrors,309
2025-01-08,with_mirrors,305
2025-01-08,without_mirrors,200
2025-01-09,with_mirrors,518
2025-01-09,without_mirrors,207
2025-01-10,with_mirrors,351
2025-01-10,without_mirrors,236
2025-01-11,with_mirrors,435
2025-01-11,without_mirrors,227
2025-01-12,with_mirrors,361
2025-01-12,without_mirrors,81
2025-01-13,with_mirrors,463
2025-01-13,without_mirrors,263
2025-01-14,with_mirrors,354
2025-01-14,without_mirrors,144
2025-01-15,with_mirrors,326
2025-01-15,without_mirrors,224
2025-01-16,with_mirrors,282
2025-01-16,without_mirrors,179
2025-01-17,with_mirrors,251
2025-01-17,without_mirrors,154
2025-01-18,with_mirrors,94
2025-01-18,without_mirrors,81
2025-01-19,with_mirrors,92
2025-01-19,without_mirrors,90
2025-01-20,with_mirrors,433
2025-01-20,without_mirrors,295
2025-01-21,with_mirrors,266
2025-01-21,without_mirrors,216
2025-01-22,with_mirrors,190
2025-01-22,without_mirrors,178
2025-01-23,with_mirrors,386
2025-01-23,without_mirrors,246
2025-01-24,with_mirrors,190
2025-01-24,without_mirrors,177
2025-01-25,with_mirrors,164
2025-01-25,without_mirrors,71
2025-01-26,with_mirrors,122
2025-01-26,without_mirrors,93
2025-01-27,with_mirrors,296
2025-01-27,without_mirrors,145
2025-01-28,with_mirrors,194
2025-01-28,without_mirrors,141
2025-01-29,with_mirrors,275
2025-01-29,without_mirrors,247
2025-01-30,with_mirrors,149
2025-01-30,without_mirrors,143
2025-01-31,with_mirrors,186
2025-01-31,without_mirrors,80
2025-02-01,with_mirrors,157
2025-02-01,without_mirrors,59
2025-02-02,with_mirrors,275
2025-02-02,without_mirrors,171
2025-02-03,with_mirrors,384
2025-02-03,without_mirrors,198
2025-02-04,with_mirrors,247
2025-02-04,without_mirrors,212
2025-02-05,with_mirrors,285
2025-02-05,without_mirrors,208
2025-02-06,with_mirrors,321
2025-02-06,without_mirrors,287
2025-02-07,with_mirrors,500
2025-02-07,without_mirrors,287
2025-02-08,with_mirrors,248
2025-02-08,without_mirrors,67
2025-02-09,with_mirrors,268
2025-02-09,without_mirrors,163
2025-02-10,with_mirrors,304
2025-02-10,without_mirrors,269
2025-02-11,with_mirrors,409
2025-02-11,without_mirrors,311
2025-02-12,with_mirrors,627
2025-02-12,without_mirrors,311
2025-02-13,with_mirrors,356
2025-02-13,without_mirrors,293
2025-02-14,with_mirrors,242
2025-02-14,without_mirrors,188
2025-02-15,with_mirrors,235
2025-02-15,without_mirrors,215
2025-02-16,with_mirrors,324
2025-02-16,without_mirrors,223
2025-02-17,with_mirrors,291
2025-02-17,without_mirrors,285
2025-02-18,with_mirrors,452
2025-02-18,without_mirrors,355
2025-02-19,with_mirrors,292
2025-02-19,without_mirrors,274
2025-02-20,with_mirrors,443
2025-02-20,without_mirrors,250
2025-02-21,with_mirrors,216
2025-02-21,without_mirrors,188
2025-02-22,with_mirrors,163
2025-02-22,without_mirrors,160
2025-02-23,with_mirrors,166
2025-02-23,without_mirrors,163
2025-02-24,with_mirrors,192
2025-02-24,without_mirrors,189
2025-02-25,with_mirrors,308
2025-02-25,without_mirrors,307
2025-02-26,with_mirrors,458
2025-02-26,without_mirrors,266
2025-02-27,with_mirrors,263
2025-02-27,without_mirrors,244
2025-02-28,with_mirrors,212
2025-02-28,without_mirrors,202
2025-03-01,with_mirrors,278
2025-03-01,without_mirrors,76
2025-03-02,with_mirrors,148
2025-03-02,without_mirrors,142
2025-03-03,with_mirrors,352
2025-03-03,without_mirrors,250
2025-03-04,with_mirrors,341
2025-03-04,without_mirrors,283
2025-03-05,with_mirrors,363
2025-03-05,without_mirrors,253
2025-03-06,with_mirrors,352
2025-03-06,without_mirrors,302
2025-03-07,with_mirrors,503
2025-03-07,without_mirrors,291
2025-03-08,with_mirrors,504
2025-03-08,without_mirrors,156
2025-03-09,with_mirrors,192
2025-03-09,without_mirrors,179
2025-03-10,with_mirrors,454
2025-03-10,without_mirrors,255
2025-03-11,with_mirrors,321
2025-03-11,without_mirrors,219
2025-03-12,with_mirrors,349
2025-03-12,without_mirrors,268
2025-03-13,with_mirrors,481
2025-03-13,without_mirrors,254
2025-03-14,with_mirrors,340
2025-03-14,without_mirrors,332
2025-03-15,with_mirrors,126
2025-03-15,without_mirrors,121
2025-03-16,with_mirrors,374
2025-03-16,without_mirrors,168
2025-03-17,with_mirrors,579
2025-03-17,without_mirrors,279
2025-03-18,with_mirrors,252
2025-03-18,without_mirrors,236
2025-03-19,with_mirrors,231
2025-03-19,without_mirrors,220
2025-03-20,with_mirrors,351
2025-03-20,without_mirrors,152
2025-03-21,with_mirrors,347
2025-03-21,without_mirrors,151
2025-03-22,with_mirrors,138
2025-03-22,without_mirrors,114
2025-03-23,with_mirrors,398
2025-03-23,without_mirrors,208
2025-03-24,with_mirrors,221
2025-03-24,without_mirrors,219
2025-03-25,with_mirrors,170
2025-03-25,without_mirrors,148
2025-03-26,with_mirrors,235
2025-03-26,without_mirrors,232
2025-03-27,with_mirrors,323
2025-03-27,without_mirrors,182
2025-03-28,with_mirrors,333
2025-03-28,without_mirrors,182
2025-03-29,with_mirrors,373
2025-03-29,without_mirrors,98
2025-03-30,with_mirrors,333
2025-03-30,without_mirrors,145
2025-03-31,with_mirrors,391
2025-03-31,without_mirrors,296
2025-04-01,with_mirrors,337
2025-04-01,without_mirrors,292
2025-04-02,with_mirrors,199
2025-04-02,without_mirrors,177
2025-04-03,with_mirrors,249
2025-04-03,without_mirrors,239
2025-04-04,with_mirrors,411
2025-04-04,without_mirrors,129
2025-04-05,with_mirrors,102
2025-04-05,without_mirrors,92
2025-04-06,with_mirrors,192
2025-04-06,without_mirrors,103
2025-04-07,with_mirrors,297
2025-04-07,without_mirrors,258
2025-04-08,with_mirrors,440
2025-04-08,without_mirrors,223
2025-04-09,with_mirrors,478
2025-04-09,without_mirrors,292
2025-04-10,with_mirrors,426
2025-04-10,without_mirrors,215
2025-04-11,with_mirrors,450
2025-04-11,without_mirrors,258
2025-04-12,with_mirrors,176
2025-04-12,without_mirrors,108
2025-04-13,with_mirrors,220
2025-04-13,without_mirrors,110
2025-04-14,with_mirrors,417
2025-04-14,without_mirrors,201
2025-04-15,with_mirrors,193
2025-04-15,without_mirrors,170
2025-04-16,with_mirrors,347
2025-04-16,without_mirrors,243
2025-04-17,with_mirrors,327
2025-04-17,without_mirrors,195
2025-04-18,with_mirrors,394
2025-04-18,without_mirrors,184
2025-04-19,with_mirrors,469
2025-04-19,without_mirrors,106
2025-04-20,with_mirrors,222
2025-04-20,without_mirrors,122
2025-04-21,with_mirrors,456
2025-04-21,without_mirrors,192
2025-04-22,with_mirrors,699
2025-04-22,without_mirrors,320
2025-04-23,with_mirrors,457
2025-04-23,without_mirrors,201
2025-04-24,with_mirrors,260
2025-04-24,without_mirrors,228
2025-04-25,with_mirrors,241
2025-04-25,without_mirrors,199
2025-04-26,with_mirrors,370
2025-04-26,without_mirrors,61
2025-04-27,with_mirrors,323
2025-04-27,without_mirrors,154
2025-04-28,with_mirrors,591
2025-04-28,without_mirrors,269
2025-04-29,with_mirrors,230
2025-04-29,without_mirrors,220
2025-04-30,with_mirrors,330
2025-04-30,without_mirrors,230
2025-05-01,with_mirrors,173
2025-05-01,without_mirrors,164
2025-05-02,with_mirrors,156
2025-05-02,without_mirrors,137
2025-05-03,with_mirrors,217
2025-05-03,without_mirrors,93
2025-05-04,with_mirrors,271
2025-05-04,without_mirrors,179
2025-05-05,with_mirrors,449
2025-05-05,without_mirrors,337
2025-05-06,with_mirrors,431
2025-05-06,without_mirrors,429
2025-05-07,with_mirrors,586
2025-05-07,without_mirrors,482
2025-05-08,with_mirrors,443
2025-05-08,without_mirrors,435
2025-05-09,with_mirrors,262
2025-05-09,without_mirrors,259
2025-05-10,with_mirrors,133
2025-05-10,without_mirrors,87
2025-05-11,with_mirrors,157
2025-05-11,without_mirrors,141
2025-05-12,with_mirrors,311
2025-05-12,without_mirrors,306
2025-05-13,with_mirrors,303
2025-05-13,without_mirrors,293
2025-05-14,with_mirrors,498
2025-05-14,without_mirrors,290
2025-05-15,with_mirrors,390
2025-05-15,without_mirrors,377
2025-05-16,with_mirrors,282
2025-05-16,without_mirrors,279
2025-05-17,with_mirrors,139
2025-05-17,without_mirrors,103
2025-05-18,with_mirrors,148
2025-05-18,without_mirrors,115
2025-05-19,with_mirrors,502
2025-05-19,without_mirrors,462
2025-05-20,with_mirrors,629
2025-05-20,without_mirrors,626
2025-05-21,with_mirrors,587
2025-05-21,without_mirrors,479
2025-05-22,with_mirrors,704
2025-05-22,without_mirrors,697
2025-05-23,with_mirrors,293
2025-05-23,without_mirrors,282
2025-05-24,with_mirrors,97
2025-05-24,without_mirrors,78
2025-05-25,with_mirrors,180
2025-05-25,without_mirrors,173
2025-05-26,with_mirrors,328
2025-05-26,without_mirrors,303
2025-05-27,with_mirrors,312
2025-05-27,without_mirrors,290
2025-05-28,with_mirrors,591
2025-05-28,without_mirrors,474
2025-05-29,with_mirrors,437
2025-05-29,without_mirrors,402
2025-05-30,with_mirrors,458
2025-05-30,without_mirrors,341
2025-05-31,with_mirrors,146
2025-05-31,without_mirrors,136
2025-06-01,with_mirrors,176
2025-06-01,without_mirrors,163
2025-06-02,with_mirrors,569
2025-06-02,without_mirrors,399
2025-06-03,with_mirrors,649
2025-06-03,without_mirrors,539
2025-06-04,with_mirrors,463
2025-06-04,without_mirrors,458
2025-06-05,with_mirrors,399
2025-06-05,without_mirrors,389
2025-06-06,with_mirrors,619
2025-06-06,without_mirrors,452
2025-06-07,with_mirrors,177
2025-06-07,without_mirrors,162
2025-06-08,with_mirrors,254
2025-06-08,without_mirrors,142
2025-06-09,with_mirrors,790
2025-06-09,without_mirrors,542
2025-06-10,with_mirrors,754
2025-06-10,without_mirrors,742
2025-06-11,with_mirrors,1136
2025-06-11,without_mirrors,1064
2025-06-12,with_mirrors,486
2025-06-12,without_mirrors,385
2025-06-13,with_mirrors,685
2025-06-13,without_mirrors,560
2025-06-14,with_mirrors,202
2025-06-14,without_mirrors,194
2025-06-15,with_mirrors,127
2025-06-15,without_mirrors,115
2025-06-16,with_mirrors,731
2025-06-16,without_mirrors,624
2025-06-17,with_mirrors,412
2025-06-17,without_mirrors,398
2025-06-18,with_mirrors,561
2025-06-18,without_mirrors,549
2025-06-19,with_mirrors,335
2025-06-19,without_mirrors,322
2025-06-20,with_mirrors,356
2025-06-20,without_mirrors,236
2025-06-21,with_mirrors,189
2025-06-21,without_mirrors,178
2025-06-22,with_mirrors,380
2025-06-22,without_mirrors,273
2025-06-23,with_mirrors,609
2025-06-23,without_mirrors,601
2025-06-24,with_mirrors,708
2025-06-24,without_mirrors,698
2025-06-25,with_mirrors,1165
2025-06-25,without_mirrors,1110
2025-06-26,with_mirrors,1014
2025-06-26,without_mirrors,985
2025-06-27,with_mirrors,657
2025-06-27,without_mirrors,648
2025-06-28,with_mirrors,327
2025-06-28,without_mirrors,322
2025-06-29,with_mirrors,178
2025-06-29,without_mirrors,177
2025-06-30,with_mirrors,850
2025-06-30,without_mirrors,836
2025-07-01,with_mirrors,1093
2025-07-01,without_mirrors,980
2025-07-02,with_mirrors,1086
2025-07-02,without_mirrors,1054
2025-07-03,with_mirrors,695
2025-07-03,without_mirrors,508
2025-07-04,with_mirrors,796
2025-07-04,without_mirrors,716
2025-07-05,with_mirrors,389
2025-07-05,without_mirrors,376
2025-07-06,with_mirrors,352
2025-07-06,without_mirrors,339
2025-07-07,with_mirrors,691
2025-07-07,without_mirrors,649
2025-07-08,with_mirrors,1120
2025-07-08,without_mirrors,1086
2025-07-09,with_mirrors,627
2025-07-09,without_mirrors,569
2025-07-10,with_mirrors,907
2025-07-10,without_mirrors,774
2025-07-11,with_mirrors,890
2025-07-11,without_mirrors,777
2025-07-12,with_mirrors,302
2025-07-12,without_mirrors,283
2025-07-13,with_mirrors,566
2025-07-13,without_mirrors,282
2025-07-14,with_mirrors,976
2025-07-14,without_mirrors,945
2025-07-15,with_mirrors,1113
2025-07-15,without_mirrors,1075
2025-07-16,with_mirrors,796
2025-07-16,without_mirrors,683
2025-07-17,with_mirrors,739
2025-07-17,without_mirrors,713
2025-07-18,with_mirrors,633
2025-07-18,without_mirrors,597
2025-07-19,with_mirrors,620
2025-07-19,without_mirrors,408
2025-07-20,with_mirrors,564
2025-07-20,without_mirrors,355
2025-07-21,with_mirrors,642
2025-07-21,without_mirrors,636
2025-07-22,with_mirrors,827
2025-07-22,without_mirrors,813
2025-07-23,with_mirrors,790
2025-07-23,without_mirrors,763
2025-07-24,with_mirrors,847
2025-07-24,without_mirrors,807
2025-07-25,with_mirrors,903
2025-07-25,without_mirrors,862
2025-07-26,with_mirrors,455
2025-07-26,without_mirrors,449
2025-07-27,with_mirrors,290
2025-07-27,without_mirrors,275
2025-07-28,with_mirrors,999
2025-07-28,without_mirrors,897
2025-07-29,with_mirrors,1088
2025-07-29,without_mirrors,867
2025-07-30,with_mirrors,799
2025-07-30,without_mirrors,776
2025-07-31,with_mirrors,1157
2025-07-31,without_mirrors,1047
2025-08-01,with_mirrors,865
2025-08-01,without_mirrors,849
2025-08-02,with_mirrors,325
2025-08-02,without_mirrors,318
2025-08-03,with_mirrors,712
2025-08-03,without_mirrors,697
2025-08-04,with_mirrors,1545
2025-08-04,without_mirrors,1535
2025-08-05,with_mirrors,1310
2025-08-05,without_mirrors,1135
2025-08-06,with_mirrors,2736
2025-08-06,without_mirrors,2701
2025-08-07,with_mirrors,1628
2025-08-07,without_mirrors,1591
2025-08-08,with_mirrors,908
2025-08-08,without_mirrors,888
2025-08-09,with_mirrors,462
2025-08-09,without_mirrors,347
2025-08-10,with_mirrors,373
2025-08-10,without_mirrors,352
2025-08-11,with_mirrors,1289
2025-08-11,without_mirrors,1250
2025-08-12,with_mirrors,2121
2025-08-12,without_mirrors,2112
2025-08-13,with_mirrors,1236
2025-08-13,without_mirrors,1126
2025-08-14,with_mirrors,1390
2025-08-14,without_mirrors,1382
2025-08-15,with_mirrors,1116
2025-08-15,without_mirrors,1112
2025-08-16,with_mirrors,543
2025-08-16,without_mirrors,541
2025-08-17,with_mirrors,354
2025-08-17,without_mirrors,341
2025-08-18,with_mirrors,896
2025-08-18,without_mirrors,868
2025-08-19,with_mirrors,1076
2025-08-19,without_mirrors,1059
2025-08-20,with_mirrors,1105
2025-08-20,without_mirrors,1079
2025-08-21,with_mirrors,890
2025-08-21,without_mirrors,787
2025-08-22,with_mirrors,796
2025-08-22,without_mirrors,782
2025-08-23,with_mirrors,482
2025-08-23,without_mirrors,419
2025-08-24,with_mirrors,622
2025-08-24,without_mirrors,486
2025-08-25,with_mirrors,931
2025-08-25,without_mirrors,921
2025-08-26,with_mirrors,1468
2025-08-26,without_mirrors,1461
2025-08-27,with_mirrors,1445
2025-08-27,without_mirrors,1280
2025-08-28,with_mirrors,1465
2025-08-28,without_mirrors,1240
2025-08-29,with_mirrors,998
2025-08-29,without_mirrors,773
2025-08-30,with_mirrors,601
2025-08-30,without_mirrors,407
2025-08-31,with_mirrors,408
2025-08-31,without_mirrors,365
2025-09-01,with_mirrors,779
2025-09-01,without_mirrors,682
2025-09-02,with_mirrors,1856
2025-09-02,without_mirrors,1851
2025-09-03,with_mirrors,1229
2025-09-03,without_mirrors,1212
2025-09-04,with_mirrors,1573
2025-09-04,without_mirrors,1402
2025-09-05,with_mirrors,1195
2025-09-05,without_mirrors,1046
2025-09-06,with_mirrors,951
2025-09-06,without_mirrors,549
2025-09-07,with_mirrors,687
2025-09-07,without_mirrors,666
2025-09-08,with_mirrors,1463
2025-09-08,without_mirrors,1417
2025-09-09,with_mirrors,1534
2025-09-09,without_mirrors,1421
2025-09-10,with_mirrors,2086
2025-09-10,without_mirrors,1971
2025-09-11,with_mirrors,1194
2025-09-11,without_mirrors,1054
2025-09-12,with_mirrors,1481
2025-09-12,without_mirrors,1260
2025-09-13,with_mirrors,1280
2025-09-13,without_mirrors,846
2025-09-14,with_mirrors,1055
2025-09-14,without_mirrors,822
2025-09-15,with_mirrors,1296
2025-09-15,without_mirrors,1282
2025-09-16,with_mirrors,2034
2025-09-16,without_mirrors,2012
2025-09-17,with_mirrors,2392
2025-09-17,without_mirrors,2235
2025-09-18,with_mirrors,1616
2025-09-18,without_mirrors,1587
2025-09-19,with_mirrors,1046
2025-09-19,without_mirrors,1038
2025-09-20,with_mirrors,1109
2025-09-20,without_mirrors,1026
2025-09-21,with_mirrors,1382
2025-09-21,without_mirrors,1324
2025-09-22,with_mirrors,2092
2025-09-22,without_mirrors,2044
2025-09-23,with_mirrors,1442
2025-09-23,without_mirrors,1314
2025-09-24,with_mirrors,1916
2025-09-24,without_mirrors,1855
2025-09-25,with_mirrors,1726
2025-09-25,without_mirrors,1665
2025-09-26,with_mirrors,1123
2025-09-26,without_mirrors,1101
2025-09-27,with_mirrors,862
2025-09-27,without_mirrors,740
2025-09-28,with_mirrors,1119
2025-09-28,without_mirrors,1086
2025-09-29,with_mirrors,1466
2025-09-29,without_mirrors,1424
2025-09-30,with_mirrors,1828
2025-09-30,without_mirrors,1791
2025-10-01,with_mirrors,1515
2025-10-01,without_mirrors,1343
2025-10-02,with_mirrors,1368
2025-10-02,without_mirrors,1235
2025-10-03,with_mirrors,2031
2025-10-03,without_mirrors,2002
2025-10-04,with_mirrors,1147
2025-10-04,without_mirrors,1114
2025-10-05,with_mirrors,878
2025-10-05,without_mirrors,853
2025-10-06,with_mirrors,1732
2025-10-06,without_mirrors,1712
2025-10-07,with_mirrors,1646
2025-10-07,without_mirrors,1534
2025-10-08,with_mirrors,1235
2025-10-08,without_mirrors,1177
2025-10-09,with_mirrors,1505
2025-10-09,without_mirrors,1406
2025-10-10,with_mirrors,804
2025-10-10,without_mirrors,664
2025-10-11,with_mirrors,489
2025-10-11,without_mirrors,429
2025-10-12,with_mirrors,411
2025-10-12,without_mirrors,395
2025-10-13,with_mirrors,692
2025-10-13,without_mirrors,642
2025-10-14,with_mirrors,748
2025-10-14,without_mirrors,726
2025-10-15,with_mirrors,955
2025-10-15,without_mirrors,873
2025-10-16,with_mirrors,1930
2025-10-16,without_mirrors,1898
2025-10-17,with_mirrors,770
2025-10-17,without_mirrors,731
2025-10-18,with_mirrors,542
2025-10-18,without_mirrors,520
2025-10-19,with_mirrors,500
2025-10-19,without_mirrors,472
2025-10-20,with_mirrors,731
2025-10-20,without_mirrors,716
2025-10-21,with_mirrors,810
2025-10-21,without_mirrors,770
2025-10-22,with_mirrors,850
2025-10-22,without_mirrors,821
2025-10-23,with_mirrors,838
2025-10-23,without_mirrors,825
2025-10-24,with_mirrors,961
2025-10-24,without_mirrors,650
2025-10-25,with_mirrors,532
2025-10-25,without_mirrors,405
2025-10-26,with_mirrors,414
2025-10-26,without_mirrors,407
2025-10-27,with_mirrors,1254
2025-10-27,without_mirrors,1116
2025-10-28,with_mirrors,1463
2025-10-28,without_mirrors,1450
2025-10-29,with_mirrors,1469
2025-10-29,without_mirrors,1462
2025-10-30,with_mirrors,1888
2025-10-30,without_mirrors,1874
2025-10-31,with_mirrors,937
2025-10-31,without_mirrors,815
2025-11-01,with_mirrors,715
2025-11-01,without_mirrors,699
2025-11-02,with_mirrors,1382
2025-11-02,without_mirrors,1261
2025-11-03,with_mirrors,2967
2025-11-03,without_mirrors,2956
2025-11-04,with_mirrors,1469
2025-11-04,without_mirrors,1412
2025-11-05,with_mirrors,1782
2025-11-05,without_mirrors,1752
2025-11-06,with_mirrors,1300
2025-11-06,without_mirrors,1084
2025-11-07,with_mirrors,1670
2025-11-07,without_mirrors,1556
2025-11-08,with_mirrors,1429
2025-11-08,without_mirrors,1414
2025-11-09,with_mirrors,2344
2025-11-09,without_mirrors,2339
2025-11-10,with_mirrors,1824
2025-11-10,without_mirrors,1805
2025-11-11,with_mirrors,1337
2025-11-11,without_mirrors,1326
2025-11-12,with_mirrors,996
2025-11-12,without_mirrors,973
2025-11-13,with_mirrors,1230
2025-11-13,without_mirrors,1095
2025-11-14,with_mirrors,1071
2025-11-14,without_mirrors,954
2025-11-15,with_mirrors,2975
2025-11-15,without_mirrors,2969
2025-11-16,with_mirrors,3568
2025-11-16,without_mirrors,3563
2025-11-17,with_mirrors,2195
2025-11-17,without_mirrors,2187
2025-11-18,with_mirrors,1894
2025-11-18,without_mirrors,1782
2025-11-19,with_mirrors,1812
2025-11-19,without_mirrors,1704
2025-11-20,with_mirrors,2054
2025-11-20,without_mirrors,1940
2025-11-21,with_mirrors,1853
2025-11-21,without_mirrors,1645
2025-11-22,with_mirrors,951
2025-11-22,without_mirrors,850
2025-11-23,with_mirrors,686
2025-11-23,without_mirrors,578
2025-11-24,with_mirrors,1078
2025-11-24,without_mirrors,1071
2025-11-25,with_mirrors,1000
2025-11-25,without_mirrors,890
2025-11-26,with_mirrors,623
2025-11-26,without_mirrors,615
2025-11-27,with_mirrors,432
2025-11-27,without_mirrors,425
2025-11-28,with_mirrors,407
2025-11-28,without_mirrors,385
2025-11-29,with_mirrors,253
2025-11-29,without_mirrors,241
2025-11-30,with_mirrors,488
2025-11-30,without_mirrors,387
2025-12-01,with_mirrors,734
2025-12-01,without_mirrors,728
2025-12-02,with_mirrors,879
2025-12-02,without_mirrors,872
2025-12-03,with_mirrors,909
2025-12-03,without_mirrors,894
2025-12-04,with_mirrors,722
2025-12-04,without_mirrors,664
2025-12-05,with_mirrors,866
2025-12-05,without_mirrors,616
2025-12-06,with_mirrors,317
2025-12-06,without_mirrors,286
2025-12-07,with_mirrors,424
2025-12-07,without_mirrors,304
2025-12-08,with_mirrors,677
2025-12-08,without_mirrors,660
2025-12-09,with_mirrors,982
2025-12-09,without_mirrors,699
2025-12-10,with_mirrors,692
2025-12-10,without_mirrors,665
2025-12-11,with_mirrors,862
2025-12-11,without_mirrors,645
2025-12-12,with_mirrors,912
2025-12-12,without_mirrors,866
2025-12-13,with_mirrors,477
2025-12-13,without_mirrors,357
2025-12-14,with_mirrors,369
2025-12-14,without_mirrors,253
2025-12-15,with_mirrors,759
2025-12-15,without_mirrors,636
2025-12-16,with_mirrors,576
2025-12-16,without_mirrors,533
2025-12-17,with_mirrors,1024
2025-12-17,without_mirrors,986
2025-12-18,with_mirrors,800
2025-12-18,without_mirrors,677
2025-12-19,with_mirrors,630
2025-12-19,without_mirrors,600
2025-12-20,with_mirrors,735
2025-12-20,without_mirrors,718
2025-12-21,with_mirrors,334
2025-12-21,without_mirrors,266
2025-12-22,with_mirrors,497
2025-12-22,without_mirrors,475
2025-12-23,with_mirrors,555
2025-12-23,without_mirrors,534
2025-12-24,with_mirrors,425
2025-12-24,without_mirrors,373
2025-12-25,with_mirrors,358
2025-12-25,without_mirrors,339
2025-12-26,with_mirrors,389
2025-12-26,without_mirrors,268
2025-12-27,with_mirrors,366
2025-12-27,without_mirrors,327
2025-12-28,with_mirrors,1411
2025-12-28,without_mirrors,265
2025-12-29,with_mirrors,1690
2025-12-29,without_mirrors,366
2025-12-30,with_mirrors,2370
2025-12-30,without_mirrors,294
2025-12-31,with_mirrors,1928
2025-12-31,without_mirrors,235
2026-01-01,with_mirrors,2018
2026-01-01,without_mirrors,209
2026-01-02,with_mirrors,1977
2026-01-02,without_mirrors,327
2026-01-03,with_mirrors,1195
2026-01-03,without_mirrors,279
2026-01-04,with_mirrors,2169
2026-01-04,without_mirrors,255
2026-01-05,with_mirrors,2423
2026-01-05,without_mirrors,574
2026-01-06,with_mirrors,1856
2026-01-06,without_mirrors,656
2026-01-07,with_mirrors,1438
2026-01-07,without_mirrors,569
2026-01-08,with_mirrors,1817
2026-01-08,without_mirrors,559
2026-01-09,with_mirrors,1391
2026-01-09,without_mirrors,610
2026-01-10,with_mirrors,1289
2026-01-10,without_mirrors,415
2026-01-11,with_mirrors,1356
2026-01-11,without_mirrors,388
2026-01-12,with_mirrors,1965
2026-01-12,without_mirrors,497
2026-01-13,with_mirrors,1628
2026-01-13,without_mirrors,516
2026-01-14,with_mirrors,1442
2026-01-14,without_mirrors,629
2026-01-15,with_mirrors,1203
2026-01-15,without_mirrors,587
2026-01-16,with_mirrors,1310
2026-01-16,without_mirrors,487
2026-01-17,with_mirrors,1133
2026-01-17,without_mirrors,179
2026-01-18,with_mirrors,1245
2026-01-18,without_mirrors,258
2026-01-19,with_mirrors,549
2026-01-19,without_mirrors,295
2026-01-20,with_mirrors,1344
2026-01-20,without_mirrors,562
2026-01-21,with_mirrors,699
2026-01-21,without_mirrors,617
2026-01-22,with_mirrors,2705
2026-01-22,without_mirrors,563
2026-01-23,with_mirrors,2020
2026-01-23,without_mirrors,559
2026-01-24,with_mirrors,2615
2026-01-24,without_mirrors,489
2026-01-25,with_mirrors,4922
2026-01-25,without_mirrors,346
2026-01-26,with_mirrors,4432
2026-01-26,without_mirrors,883
2026-01-27,with_mirrors,5821
2026-01-27,without_mirrors,483
2026-01-28,with_mirrors,5714
2026-01-28,without_mirrors,1246
2026-01-29,with_mirrors,3801
2026-01-29,without_mirrors,744
2026-01-30,with_mirrors,2195
2026-01-30,without_mirrors,940
2026-01-31,with_mirrors,1343
2026-01-31,without_mirrors,315
2026-02-01,with_mirrors,1940
2026-02-01,without_mirrors,351
2026-02-02,with_mirrors,1612
2026-02-02,without_mirrors,579
2026-02-03,with_mirrors,1895
2026-02-03,without_mirrors,626
2026-02-04,with_mirrors,1439
2026-02-04,without_mirrors,546
2026-02-05,with_mirrors,556
2026-02-05,without_mirrors,512
2026-02-06,with_mirrors,801
2026-02-06,without_mirrors,781
2026-02-07,with_mirrors,515
2026-02-07,without_mirrors,484
2026-02-08,with_mirrors,740
2026-02-08,without_mirrors,488
2026-02-09,with_mirrors,1219
2026-02-09,without_mirrors,1108
2026-02-10,with_mirrors,1684
2026-02-10,without_mirrors,923
2026-02-11,with_mirrors,918
2026-02-11,without_mirrors,776
2026-02-12,with_mirrors,729
2026-02-12,without_mirrors,661
2026-02-13,with_mirrors,572
2026-02-13,without_mirrors,513
2026-02-14,with_mirrors,577
2026-02-14,without_mirrors,390
2026-02-15,with_mirrors,392
2026-02-15,without_mirrors,256
2026-02-16,with_mirrors,582
2026-02-16,without_mirrors,456
2026-02-17,with_mirrors,864
2026-02-17,without_mirrors,829
2026-02-18,with_mirrors,499
2026-02-18,without_mirrors,476
2026-02-19,with_mirrors,762
2026-02-19,without_mirrors,637
2026-02-20,with_mirrors,669
2026-02-20,without_mirrors,628
2026-02-21,with_mirrors,358
2026-02-21,without_mirrors,328
2026-02-22,with_mirrors,429
2026-02-22,without_mirrors,409
2026-02-23,with_mirrors,1070
2026-02-23,without_mirrors,1055
2026-02-24,with_mirrors,944
2026-02-24,without_mirrors,771
2026-02-25,with_mirrors,722
2026-02-25,without_mirrors,653
2026-02-26,with_mirrors,1133
2026-02-26,without_mirrors,1014
2026-02-27,with_mirrors,1679
2026-02-27,without_mirrors,1114
2026-02-28,with_mirrors,1615
2026-02-28,without_mirrors,1086
2026-03-01,with_mirrors,954
2026-03-01,without_mirrors,897
2026-03-02,with_mirrors,884
2026-03-02,without_mirrors,795
2026-03-03,with_mirrors,833
2026-03-03,without_mirrors,774
2026-03-04,with_mirrors,1182
2026-03-04,without_mirrors,1105
2026-03-05,with_mirrors,1462
2026-03-05,without_mirrors,1418
2026-03-06,with_mirrors,644
2026-03-06,without_mirrors,619
2026-03-07,with_mirrors,546
2026-03-07,without_mirrors,537
2026-03-08,with_mirrors,655
2026-03-08,without_mirrors,580
2026-03-09,with_mirrors,981
2026-03-09,without_mirrors,813
2026-03-10,with_mirrors,782
2026-03-10,without_mirrors,638
2026-03-11,with_mirrors,1068
2026-03-11,without_mirrors,939
2026-03-12,with_mirrors,757
2026-03-12,without_mirrors,728
2026-03-13,with_mirrors,629
2026-03-13,without_mirrors,603
2026-03-14,with_mirrors,629
2026-03-14,without_mirrors,515
2026-03-15,with_mirrors,482
2026-03-15,without_mirrors,347
2026-03-16,with_mirrors,999
2026-03-16,without_mirrors,867
2026-03-17,with_mirrors,764
2026-03-17,without_mirrors,720
2026-03-18,with_mirrors,855
2026-03-18,without_mirrors,776
2026-03-19,with_mirrors,2818
2026-03-19,without_mirrors,2705
2026-03-20,with_mirrors,749
2026-03-20,without_mirrors,698
2026-03-21,with_mirrors,430
2026-03-21,without_mirrors,416
2026-03-22,with_mirrors,519
2026-03-22,without_mirrors,489
2026-03-23,with_mirrors,1104
2026-03-23,without_mirrors,1064
2026-03-24,with_mirrors,668
2026-03-24,without_mirrors,615
2026-03-25,with_mirrors,864
2026-03-25,without_mirrors,611
2026-03-26,with_mirrors,617
2026-03-26,without_mirrors,607
2026-03-27,with_mirrors,594
2026-03-27,without_mirrors,537
2026-03-28,with_mirrors,375
2026-03-28,without_mirrors,333
2026-03-29,with_mirrors,471
2026-03-29,without_mirrors,430
2026-03-30,with_mirrors,738
2026-03-30,without_mirrors,629
2026-03-31,with_mirrors,763
2026-03-31,without_mirrors,708
2026-04-01,with_mirrors,1163
2026-04-01,without_mirrors,1110
2026-04-02,with_mirrors,916
2026-04-02,without_mirrors,870
2026-04-03,with_mirrors,731
2026-04-03,without_mirrors,583
2026-04-04,with_mirrors,459
2026-04-04,without_mirrors,442
2026-04-05,with_mirrors,405
2026-04-05,without_mirrors,387
2026-04-06,with_mirrors,614
2026-04-06,without_mirrors,583
2026-04-07,with_mirrors,1170
2026-04-07,without_mirrors,1123
2026-04-08,with_mirrors,1008
2026-04-08,without_mirrors,706
2026-04-09,with_mirrors,2386
2026-04-09,without_mirrors,2353
2026-04-10,with_mirrors,1360
2026-04-10,without_mirrors,1091
2026-04-11,with_mirrors,586
2026-04-11,without_mirrors,440
2026-04-12,with_mirrors,846
2026-04-12,without_mirrors,568
2026-04-13,with_mirrors,1574
2026-04-13,without_mirrors,976
2026-04-14,with_mirrors,1248
2026-04-14,without_mirrors,669
2026-04-15,with_mirrors,718
2026-04-15,without_mirrors,635
2026-04-16,with_mirrors,769
2026-04-16,without_mirrors,636
2026-04-17,with_mirrors,929
2026-04-17,without_mirrors,725
2026-04-18,with_mirrors,879
2026-04-18,without_mirrors,550
2026-04-19,with_mirrors,1149
2026-04-19,without_mirrors,521
2026-04-20,with_mirrors,1995
2026-04-20,without_mirrors,879
2026-04-21,with_mirrors,3892
2026-04-21,without_mirrors,1441
2026-04-22,with_mirrors,966
2026-04-22,without_mirrors,752
2026-04-23,with_mirrors,1105
2026-04-23,without_mirrors,782
2026-04-24,with_mirrors,915
2026-04-24,without_mirrors,881
2026-04-25,with_mirrors,917
2026-04-25,without_mirrors,902
2026-04-26,with_mirrors,745
2026-04-26,without_mirrors,626
2026-04-27,with_mirrors,823
2026-04-27,without_mirrors,806
2026-04-28,with_mirrors,1024
2026-04-28,without_mirrors,987
2026-04-29,with_mirrors,1015
2026-04-29,without_mirrors,941
2026-04-30,with_mirrors,792
2026-04-30,without_mirrors,780
2026-05-01,with_mirrors,805
2026-05-01,without_mirrors,710
2026-05-02,with_mirrors,893
2026-05-02,without_mirrors,804
2026-05-03,with_mirrors,2710
2026-05-03,without_mirrors,2659
2026-05-04,with_mirrors,1599
2026-05-04,without_mirrors,1588
2026-05-05,with_mirrors,2750
2026-05-05,without_mirrors,2621
2026-05-06,with_mirrors,1981
2026-05-06,without_mirrors,1779
2026-05-07,with_mirrors,1466
2026-05-07,without_mirrors,1060
2026-05-08,with_mirrors,1462
2026-05-08,without_mirrors,986
2026-05-09,with_mirrors,995
2026-05-09,without_mirrors,753
2026-05-10,with_mirrors,839
2026-05-10,without_mirrors,748
2026-05-11,with_mirrors,818
2026-05-11,without_mirrors,776
2026-05-12,with_mirrors,1270
2026-05-12,without_mirrors,1187
2026-05-13,with_mirrors,1456
2026-05-13,without_mirrors,1160
2026-05-14,with_mirrors,1302
2026-05-14,without_mirrors,1089
2026-05-15,with_mirrors,987
2026-05-15,without_mirrors,783
2026-05-16,with_mirrors,762
2026-05-16,without_mirrors,620
2026-05-17,with_mirrors,646
2026-05-17,without_mirrors,620
2026-05-18,with_mirrors,1314
2026-05-18,without_mirrors,1272
2026-05-19,with_mirrors,1571
2026-05-19,without_mirrors,1542
2026-05-20,with_mirrors,1184
2026-05-20,without_mirrors,1155
2026-05-21,with_mirrors,1555
2026-05-21,without_mirrors,1523
2026-05-22,with_mirrors,1211
2026-05-22,without_mirrors,1160
2026-05-23,with_mirrors,1266
2026-05-23,without_mirrors,976
2026-05-24,with_mirrors,1870
2026-05-24,without_mirrors,708
2026-05-25,with_mirrors,1684
2026-05-25,without_mirrors,1640
2026-05-26,with_mirrors,1815
2026-05-26,without_mirrors,1760
2026-05-27,with_mirrors,1480
2026-05-27,without_mirrors,1373
2026-05-28,with_mirrors,1085
2026-05-28,without_mirrors,1028
2026-05-29,with_mirrors,1146
2026-05-29,without_mirrors,1039
2026-05-30,with_mirrors,949
2026-05-30,without_mirrors,905
2026-05-31,with_mirrors,755
2026-05-31,without_mirrors,720
2026-06-01,with_mirrors,1083
2026-06-01,without_mirrors,924
2026-06-02,with_mirrors,1617
2026-06-02,without_mirrors,1341
2026-06-03,with_mirrors,960
2026-06-03,without_mirrors,897
2026-06-04,with_mirrors,855
2026-06-04,without_mirrors,802
2026-06-05,with_mirrors,1110
2026-06-05,without_mirrors,1062
2026-06-06,with_mirrors,706
2026-06-06,without_mirrors,636
2026-06-07,with_mirrors,1247
2026-06-07,without_mirrors,967
2026-06-08,with_mirrors,3286
2026-06-08,without_mirrors,3136
2026-06-09,with_mirrors,1735
2026-06-09,without_mirrors,1587
2026-06-10,with_mirrors,1350
2026-06-10,without_mirrors,1313
2026-06-11,with_mirrors,2596
2026-06-11,without_mirrors,1740
2026-06-12,with_mirrors,1289
2026-06-12,without_mirrors,1212
2026-06-13,with_mirrors,1097
2026-06-13,without_mirrors,1070
2026-06-14,with_mirrors,1315
2026-06-14,without_mirrors,1160
